文本内容,识别结果,风险原因
0,通过,NA
1,通过,NA
2,通过,NA
3,通过,NA
4,通过,NA
5,嫌疑,500
6,通过,NA
7,通过,NA
8,通过,NA
9,通过,NA
10,通过,NA
11,通过,NA
12,通过,NA
13,通过,NA
14,通过,NA
15,通过,NA
16,通过,NA
17,通过,NA
18,拒绝,400
19,通过,NA
20,通过,NA
21,嫌疑,500
22,通过,NA
23,通过,NA
24,通过,NA
25,通过,NA
26,通过,NA
27,嫌疑,500
28,嫌疑,500
29,嫌疑,500
30,通过,NA
31,通过,NA
32,通过,NA
33,通过,NA
34,通过,NA
35,通过,NA
36,通过,NA
37,通过,NA
38,通过,NA
39,通过,NA
40,通过,NA
41,通过,NA
42,通过,NA
43,通过,NA
44,通过,NA
45,通过,NA
46,通过,NA
47,嫌疑,500
48,通过,NA
49,通过,NA
50,通过,NA
51,通过,NA
52,通过,NA
53,嫌疑,100
54,嫌疑,500
55,通过,NA
56,通过,NA
57,嫌疑,500
58,通过,NA
59,通过,NA
60,嫌疑,100
61,通过,NA
62,通过,NA
63,通过,NA
64,通过,NA
65,通过,NA
66,嫌疑,500
67,通过,NA
68,通过,NA
69,通过,NA
70,通过,NA
71,通过,NA
72,通过,NA
73,通过,NA
74,通过,NA
75,通过,NA
76,通过,NA
77,通过,NA
78,通过,NA
79,通过,NA
80,通过,NA
81,通过,NA
82,嫌疑,200
83,拒绝,500
84,嫌疑,500
85,通过,NA
86,通过,NA
87,通过,NA
88,通过,NA
89,通过,NA
90,通过,NA
91,嫌疑,500
92,通过,NA
93,通过,NA
94,通过,NA
95,通过,NA
96,通过,NA
97,嫌疑,500
98,嫌疑,200
99,嫌疑,500
100,通过,NA
101,通过,NA
102,通过,NA
103,通过,NA
104,通过,NA
105,通过,NA
106,通过,NA
107,通过,NA
108,通过,NA
109,通过,NA
110,通过,NA
111,通过,NA
112,嫌疑,500
113,通过,NA
114,通过,NA
115,通过,NA
116,通过,NA
117,通过,NA
118,通过,NA
119,通过,NA
120,嫌疑,200
121,通过,NA
122,通过,NA
123,通过,NA
124,通过,NA
125,通过,NA
126,嫌疑,500
127,通过,NA
128,通过,NA
129,通过,NA
130,通过,NA
131,通过,NA
132,通过,NA
133,通过,NA
134,通过,NA
135,通过,NA
136,通过,NA
137,通过,NA
138,通过,NA
139,通过,NA
140,通过,NA
141,通过,NA
142,通过,NA
143,通过,NA
144,通过,NA
145,通过,NA
146,嫌疑,500
147,通过,NA
148,通过,NA
149,嫌疑,500
150,嫌疑,500
151,通过,NA
152,嫌疑,500
153,通过,NA
154,通过,NA
155,通过,NA
156,通过,NA
157,嫌疑,400
158,通过,NA
159,通过,NA
160,嫌疑,500
161,通过,NA
162,通过,NA
163,通过,NA
164,通过,NA
165,通过,NA
166,通过,NA
167,通过,NA
168,通过,NA
169,通过,NA
170,通过,NA
171,通过,NA
172,嫌疑,200
173,通过,NA
174,通过,NA
175,嫌疑,200
176,嫌疑,500
177,通过,NA
178,通过,NA
179,通过,NA
180,通过,NA
181,嫌疑,500
182,通过,NA
183,通过,NA
184,通过,NA
185,通过,NA
186,通过,NA
187,通过,NA
188,通过,NA
189,通过,NA
190,通过,NA
191,通过,NA
192,嫌疑,500
193,通过,NA
194,通过,NA
195,通过,NA
196,通过,NA
197,通过,NA
198,嫌疑,500
199,通过,NA
200,通过,NA
201,通过,NA
202,通过,NA
203,嫌疑,500
204,通过,NA
205,通过,NA
206,通过,NA
207,通过,NA
208,通过,NA
209,通过,NA
210,拒绝,100
211,通过,NA
212,通过,NA
213,通过,NA
214,通过,NA
215,通过,NA
216,通过,NA
217,通过,NA
218,通过,NA
219,通过,NA
220,通过,NA
221,通过,NA
222,通过,NA
223,通过,NA
224,通过,NA
225,通过,NA
226,通过,NA
227,通过,NA
228,通过,NA
229,嫌疑,500
230,通过,NA
231,通过,NA
232,通过,NA
233,通过,NA
234,通过,NA
235,通过,NA
236,通过,NA
237,通过,NA
238,嫌疑,500
239,嫌疑,200
240,嫌疑,500
241,通过,NA
242,通过,NA
243,通过,NA
244,通过,NA
245,嫌疑,500
246,通过,NA
247,通过,NA
248,通过,NA
249,通过,NA
250,通过,NA
251,通过,NA
252,通过,NA
253,通过,NA
254,通过,NA
255,通过,NA
256,嫌疑,500
257,通过,NA
258,嫌疑,500
259,通过,NA
260,通过,NA
261,嫌疑,400
262,通过,NA
263,通过,NA
264,通过,NA
265,嫌疑,500
266,拒绝,500
267,通过,NA
268,通过,NA
269,通过,NA
270,通过,NA
271,通过,NA
272,嫌疑,500
273,通过,NA
274,通过,NA
275,通过,NA
276,嫌疑,500
277,嫌疑,500
278,嫌疑,500
279,通过,NA
280,通过,NA
281,通过,NA
282,通过,NA
283,通过,NA
284,通过,NA
285,通过,NA
286,通过,NA
287,通过,NA
288,通过,NA
289,通过,NA
290,通过,NA
291,通过,NA
292,通过,NA
293,通过,NA
294,通过,NA
295,通过,NA
296,嫌疑,500
297,通过,NA
298,嫌疑,100
299,通过,NA
300,通过,NA
301,通过,NA
302,通过,NA
303,通过,NA
304,通过,NA
305,通过,NA
306,通过,NA
307,通过,NA
308,通过,NA
309,通过,NA
310,通过,NA
311,通过,NA
312,通过,NA
313,通过,NA
314,通过,NA
315,嫌疑,500
316,通过,NA
317,通过,NA
318,通过,NA
319,通过,NA
320,通过,NA
321,通过,NA
322,通过,NA
323,通过,NA
324,通过,NA
325,通过,NA
326,通过,NA
327,嫌疑,500
328,嫌疑,500
329,通过,NA
330,通过,NA
331,通过,NA
332,通过,NA
333,通过,NA
334,嫌疑,100
335,通过,NA
336,嫌疑,500
337,通过,NA
338,通过,NA
339,通过,NA
340,通过,NA
341,通过,NA
342,嫌疑,500
343,通过,NA
344,嫌疑,200
345,通过,NA
346,嫌疑,500
347,通过,NA
348,嫌疑,500
349,通过,NA
350,通过,NA
351,通过,NA
352,嫌疑,500
353,通过,NA
354,通过,NA
355,通过,NA
356,嫌疑,200
357,通过,NA
358,嫌疑,500
359,嫌疑,500
360,通过,NA
361,通过,NA
362,嫌疑,500
363,通过,NA
364,嫌疑,500
365,嫌疑,500
366,通过,NA
367,通过,NA
368,通过,NA
369,嫌疑,500
370,通过,NA
371,通过,NA
372,嫌疑,500
373,通过,NA
374,通过,NA
375,通过,NA
376,通过,NA
377,通过,NA
378,通过,NA
379,嫌疑,100
380,通过,NA
381,嫌疑,500
382,拒绝,200
383,通过,NA
384,通过,NA
385,通过,NA
386,通过,NA
387,通过,NA
388,通过,NA
389,通过,NA
390,通过,NA
391,通过,NA
392,通过,NA
393,通过,NA
394,通过,NA
395,通过,NA
396,通过,NA
397,通过,NA
398,嫌疑,500
399,通过,NA
400,通过,NA
401,嫌疑,500
402,通过,NA
403,通过,NA
404,通过,NA
405,通过,NA
406,通过,NA
407,嫌疑,500
408,通过,NA
409,嫌疑,500
410,通过,NA
411,通过,NA
412,通过,NA
413,通过,NA
414,通过,NA
415,通过,NA
416,通过,NA
417,通过,NA
418,嫌疑,500
419,通过,NA
420,通过,NA
421,通过,NA
422,通过,NA
423,通过,NA
424,通过,NA
425,通过,NA
426,通过,NA
427,通过,NA
428,通过,NA
429,通过,NA
430,通过,NA
431,通过,NA
432,拒绝,100
433,通过,NA
434,通过,NA
435,通过,NA
436,通过,NA
437,嫌疑,500
438,通过,NA
439,通过,NA
440,通过,NA
441,通过,NA
442,通过,NA
443,通过,NA
444,嫌疑,500
445,通过,NA
446,通过,NA
447,通过,NA
448,嫌疑,500
449,通过,NA
450,通过,NA
451,通过,NA
452,通过,NA
453,通过,NA
454,嫌疑,500
455,通过,NA
456,通过,NA
457,通过,NA
458,通过,NA
459,通过,NA
460,通过,NA
461,通过,NA
462,通过,NA
463,通过,NA
464,通过,NA
465,嫌疑,500
466,嫌疑,500
467,嫌疑,500
468,通过,NA
469,通过,NA
470,通过,NA
471,通过,NA
472,通过,NA
473,通过,NA
474,通过,NA
475,通过,NA
476,通过,NA
477,嫌疑,500
478,通过,NA
479,通过,NA
480,通过,NA
481,通过,NA
482,嫌疑,500
483,嫌疑,500
484,通过,NA
485,通过,NA
486,通过,NA
487,通过,NA
488,通过,NA
489,通过,NA
490,通过,NA
491,通过,NA
492,通过,NA
493,通过,NA
494,通过,NA
495,通过,NA
496,通过,NA
497,通过,NA
498,通过,NA
499,通过,NA
500,通过,NA
501,通过,NA
502,通过,NA
503,嫌疑,100
504,通过,NA
505,通过,NA
506,通过,NA
507,通过,NA
508,通过,NA
509,通过,NA
510,通过,NA
511,通过,NA
512,嫌疑,500
513,通过,NA
514,通过,NA
515,通过,NA
516,通过,NA
517,嫌疑,500
518,通过,NA
519,通过,NA
520,通过,NA
521,通过,NA
522,通过,NA
523,通过,NA
524,通过,NA
525,通过,NA
526,嫌疑,200
527,通过,NA
528,通过,NA
529,通过,NA
530,通过,NA
531,嫌疑,500
532,通过,NA
533,通过,NA
534,通过,NA
535,嫌疑,500
536,嫌疑,200
537,通过,NA
538,通过,NA
539,通过,NA
540,通过,NA
541,拒绝,100
542,嫌疑,200
543,嫌疑,500
544,通过,NA
545,通过,NA
546,通过,NA
547,拒绝,500
548,通过,NA
549,通过,NA
550,嫌疑,500
551,通过,NA
552,嫌疑,500
553,通过,NA
554,通过,NA
555,通过,NA
556,通过,NA
557,嫌疑,500
558,通过,NA
559,通过,NA
560,通过,NA
561,通过,NA
562,通过,NA
563,通过,NA
564,通过,NA
565,通过,NA
566,通过,NA
567,通过,NA
568,通过,NA
569,通过,NA
570,拒绝,100
571,嫌疑,500
572,通过,NA
573,通过,NA
574,通过,NA
575,通过,NA
576,通过,NA
577,通过,NA
578,通过,NA
579,通过,NA
580,通过,NA
581,嫌疑,500
582,嫌疑,500
583,通过,NA
584,拒绝,500
585,嫌疑,500
586,通过,NA
587,通过,NA
588,嫌疑,500
589,通过,NA
590,嫌疑,500
591,嫌疑,500
592,通过,NA
593,通过,NA
594,通过,NA
595,通过,NA
596,通过,NA
597,通过,NA
598,通过,NA
599,通过,NA
600,通过,NA
601,通过,NA
602,通过,NA
603,通过,NA
604,通过,NA
605,嫌疑,500
606,通过,NA
607,通过,NA
608,通过,NA
609,通过,NA
610,通过,NA
611,通过,NA
612,拒绝,100
613,通过,NA
614,通过,NA
615,通过,NA
616,通过,NA
617,通过,NA
618,通过,NA
619,通过,NA
620,通过,NA
621,拒绝,100
622,通过,NA
623,通过,NA
624,通过,NA
625,通过,NA
626,拒绝,200
627,通过,NA
628,通过,NA
629,通过,NA
630,通过,NA
631,通过,NA
632,嫌疑,200
633,通过,NA
634,通过,NA
635,通过,NA
636,通过,NA
637,通过,NA
638,嫌疑,500
639,通过,NA
640,通过,NA
641,通过,NA
642,嫌疑,500
643,嫌疑,500
644,通过,NA
645,嫌疑,500
646,通过,NA
647,嫌疑,500
648,通过,NA
649,通过,NA
650,嫌疑,200
651,通过,NA
652,通过,NA
653,通过,NA
654,嫌疑,500
655,通过,NA
656,通过,NA
657,通过,NA
658,通过,NA
659,嫌疑,500
660,通过,NA
661,通过,NA
662,通过,NA
663,通过,NA
664,通过,NA
665,通过,NA
666,通过,NA
667,通过,NA
668,通过,NA
669,嫌疑,500
670,嫌疑,200
671,通过,NA
672,嫌疑,500
673,通过,NA
674,通过,NA
675,通过,NA
676,通过,NA
677,通过,NA
678,通过,NA
679,嫌疑,500
680,通过,NA
681,通过,NA
682,通过,NA
683,通过,NA
684,通过,NA
685,通过,NA
686,通过,NA
687,通过,NA
688,嫌疑,500
689,通过,NA
690,通过,NA
691,嫌疑,500
692,通过,NA
693,通过,NA
694,通过,NA
695,通过,NA
696,通过,NA
697,通过,NA
698,通过,NA
699,通过,NA
700,通过,NA
701,通过,NA
702,嫌疑,500
703,通过,NA
704,通过,NA
705,通过,NA
706,通过,NA
707,通过,NA
708,通过,NA
709,通过,NA
710,通过,NA
711,通过,NA
712,嫌疑,500
713,通过,NA
714,通过,NA
715,通过,NA
716,嫌疑,100
717,通过,NA
718,嫌疑,500
719,通过,NA
720,通过,NA
721,通过,NA
722,通过,NA
723,通过,NA
724,通过,NA
725,通过,NA
726,通过,NA
727,通过,NA
728,通过,NA
729,通过,NA
730,通过,NA
731,通过,NA
732,通过,NA
733,通过,NA
734,通过,NA
735,通过,NA
736,通过,NA
737,嫌疑,500
738,通过,NA
739,拒绝,500
740,通过,NA
741,通过,NA
742,嫌疑,500
743,通过,NA
744,通过,NA
745,通过,NA
746,嫌疑,500
747,通过,NA
748,通过,NA
749,通过,NA
750,通过,NA
751,通过,NA
752,通过,NA
753,通过,NA
754,通过,NA
755,通过,NA
756,通过,NA
757,通过,NA
758,通过,NA
759,通过,NA
760,通过,NA
761,通过,NA
762,通过,NA
763,通过,NA
764,通过,NA
765,通过,NA
766,通过,NA
767,通过,NA
768,通过,NA
769,通过,NA
770,通过,NA
771,通过,NA
772,嫌疑,100
773,拒绝,500
774,拒绝,100
775,通过,NA
776,通过,NA
777,嫌疑,500
778,通过,NA
779,通过,NA
780,通过,NA
781,通过,NA
782,通过,NA
783,通过,NA
784,通过,NA
785,通过,NA
786,通过,NA
787,通过,NA
788,通过,NA
789,通过,NA
790,通过,NA
791,通过,NA
792,通过,NA
793,嫌疑,500
794,嫌疑,200
795,通过,NA
796,通过,NA
797,通过,NA
798,通过,NA
799,通过,NA
800,通过,NA
801,通过,NA
802,通过,NA
803,通过,NA
804,通过,NA
805,嫌疑,500
806,通过,NA
807,嫌疑,500
808,通过,NA
809,嫌疑,200
810,通过,NA
811,嫌疑,500
812,通过,NA
813,通过,NA
814,通过,NA
815,通过,NA
816,通过,NA
817,通过,NA
818,通过,NA
819,通过,NA
820,通过,NA
821,通过,NA
822,通过,NA
823,通过,NA
824,通过,NA
825,通过,NA
826,通过,NA
827,通过,NA
828,通过,NA
829,通过,NA
830,通过,NA
831,嫌疑,500
832,通过,NA
833,通过,NA
834,通过,NA
835,嫌疑,200
836,通过,NA
837,通过,NA
838,通过,NA
839,通过,NA
840,通过,NA
841,嫌疑,500
842,通过,NA
843,嫌疑,500
844,嫌疑,500
845,通过,NA
846,通过,NA
847,通过,NA
848,通过,NA
849,嫌疑,500
850,通过,NA
851,通过,NA
852,通过,NA
853,嫌疑,500
854,拒绝,400
855,嫌疑,500
856,嫌疑,500
857,通过,NA
858,通过,NA
859,通过,NA
860,通过,NA
861,通过,NA
862,嫌疑,200
863,通过,NA
864,通过,NA
865,通过,NA
866,通过,NA
867,通过,NA
868,通过,NA
869,通过,NA
870,嫌疑,500
871,嫌疑,500
872,拒绝,100
873,通过,NA
874,通过,NA
875,拒绝,200
876,嫌疑,500
877,通过,NA
878,通过,NA
879,通过,NA
880,通过,NA
881,通过,NA
882,通过,NA
883,通过,NA
884,通过,NA
885,通过,NA
886,嫌疑,100
887,嫌疑,200
888,嫌疑,500
889,通过,NA
890,嫌疑,500
891,通过,NA
892,通过,NA
893,嫌疑,500
894,通过,NA
895,通过,NA
896,通过,NA
897,通过,NA
898,通过,NA
899,通过,NA
900,通过,NA
901,通过,NA
902,通过,NA
903,嫌疑,500
904,通过,NA
905,通过,NA
906,通过,NA
907,通过,NA
908,通过,NA
909,通过,NA
910,通过,NA
911,通过,NA
912,通过,NA
913,通过,NA
914,嫌疑,500
915,通过,NA
916,通过,NA
917,通过,NA
918,通过,NA
919,通过,NA
920,通过,NA
921,通过,NA
922,通过,NA
923,嫌疑,500
924,通过,NA
925,通过,NA
926,通过,NA
927,通过,NA
928,通过,NA
929,通过,NA
930,通过,NA
931,通过,NA
932,通过,NA
933,通过,NA
934,通过,NA
935,通过,NA
936,嫌疑,500
937,通过,NA
938,通过,NA
939,通过,NA
940,通过,NA
941,嫌疑,500
942,通过,NA
943,嫌疑,500
944,通过,NA
945,嫌疑,500
946,嫌疑,500
947,通过,NA
948,通过,NA
949,通过,NA
950,通过,NA
951,通过,NA
952,通过,NA
953,通过,NA
954,通过,NA
955,通过,NA
956,通过,NA
957,通过,NA
958,通过,NA
959,通过,NA
960,通过,NA
961,通过,NA
962,通过,NA
963,通过,NA
964,通过,NA
965,通过,NA
966,嫌疑,500
967,通过,NA
968,通过,NA
969,通过,NA
970,通过,NA
971,通过,NA
972,嫌疑,500
973,通过,NA
974,通过,NA
975,通过,NA
976,通过,NA
977,通过,NA
978,通过,NA
979,通过,NA
980,通过,NA
981,通过,NA
982,通过,NA
983,通过,NA
984,通过,NA
985,通过,NA
986,通过,NA
987,通过,NA
988,通过,NA
989,通过,NA
990,通过,NA
991,嫌疑,500
992,通过,NA
993,通过,NA
994,通过,NA
995,嫌疑,500
996,通过,NA
997,通过,NA
998,嫌疑,100
999,嫌疑,500
1000,通过,NA
1001,通过,NA
1002,通过,NA
1003,嫌疑,500
1004,通过,NA
1005,通过,NA
1006,通过,NA
1007,通过,NA
1008,通过,NA
1009,通过,NA
1010,通过,NA
1011,通过,NA
1012,通过,NA
1013,通过,NA
1014,嫌疑,500
1015,通过,NA
1016,嫌疑,500
1017,通过,NA
1018,通过,NA
1019,通过,NA
1020,通过,NA
1021,嫌疑,200
1022,通过,NA
1023,通过,NA
1024,通过,NA
1025,通过,NA
1026,通过,NA
1027,通过,NA
1028,拒绝,200
1029,通过,NA
1030,嫌疑,500
1031,通过,NA
1032,通过,NA
1033,通过,NA
1034,嫌疑,600
1035,通过,NA
1036,嫌疑,500
1037,通过,NA
1038,通过,NA
1039,通过,NA
1040,通过,NA
1041,通过,NA
1042,嫌疑,500
1043,通过,NA
1044,通过,NA
1045,嫌疑,500
1046,嫌疑,500
1047,嫌疑,500
1048,嫌疑,500
1049,通过,NA
1050,嫌疑,500
1051,嫌疑,400
1052,嫌疑,400
1053,通过,NA
1054,通过,NA
1055,通过,NA
1056,通过,NA
1057,通过,NA
1058,通过,NA
1059,通过,NA
1060,通过,NA
1061,通过,NA
1062,嫌疑,500
1063,通过,NA
1064,通过,NA
1065,通过,NA
1066,通过,NA
1067,嫌疑,500
1068,通过,NA
1069,拒绝,200
1070,通过,NA
1071,嫌疑,200
1072,通过,NA
1073,通过,NA
1074,通过,NA
1075,通过,NA
1076,通过,NA
1077,通过,NA
1078,通过,NA
1079,通过,NA
1080,通过,NA
1081,通过,NA
1082,嫌疑,500
1083,通过,NA
1084,嫌疑,500
1085,通过,NA
1086,通过,NA
1087,通过,NA
1088,通过,NA
1089,通过,NA
1090,通过,NA
1091,通过,NA
1092,嫌疑,500
1093,通过,NA
1094,嫌疑,500
1095,通过,NA
1096,通过,NA
1097,通过,NA
1098,嫌疑,500
1099,通过,NA
1100,通过,NA
1101,通过,NA
1102,通过,NA
1103,通过,NA
1104,通过,NA
1105,通过,NA
1106,通过,NA
1107,通过,NA
1108,通过,NA
1109,通过,NA
1110,通过,NA
1111,通过,NA
1112,通过,NA
1113,通过,NA
1114,通过,NA
1115,通过,NA
1116,通过,NA
1117,通过,NA
1118,通过,NA
1119,通过,NA
1120,通过,NA
1121,嫌疑,100
1122,通过,NA
1123,通过,NA
1124,通过,NA
1125,通过,NA
1126,嫌疑,500
1127,通过,NA
1128,通过,NA
1129,通过,NA
1130,拒绝,100
1131,通过,NA
1132,通过,NA
1133,嫌疑,500
1134,通过,NA
1135,通过,NA
1136,嫌疑,500
1137,通过,NA
1138,通过,NA
1139,嫌疑,200
1140,嫌疑,500
1141,通过,NA
1142,通过,NA
1143,通过,NA
1144,通过,NA
1145,通过,NA
1146,通过,NA
1147,通过,NA
1148,通过,NA
1149,通过,NA
1150,通过,NA
1151,通过,NA
1152,通过,NA
1153,通过,NA
1154,通过,NA
1155,通过,NA
1156,通过,NA
1157,通过,NA
1158,嫌疑,500
1159,通过,NA
1160,通过,NA
1161,嫌疑,500
1162,通过,NA
1163,通过,NA
1164,通过,NA
1165,通过,NA
1166,嫌疑,400
1167,通过,NA
1168,通过,NA
1169,通过,NA
1170,通过,NA
1171,嫌疑,500
1172,拒绝,500
1173,通过,NA
1174,通过,NA
1175,通过,NA
1176,通过,NA
1177,通过,NA
1178,通过,NA
1179,通过,NA
1180,通过,NA
1181,通过,NA
1182,通过,NA
1183,通过,NA
1184,通过,NA
1185,通过,NA
1186,嫌疑,500
1187,通过,NA
1188,通过,NA
1189,通过,NA
1190,通过,NA
1191,通过,NA
1192,通过,NA
1193,通过,NA
1194,通过,NA
1195,通过,NA
1196,通过,NA
1197,通过,NA
1198,通过,NA
1199,通过,NA
1200,通过,NA
1201,通过,NA
1202,通过,NA
1203,嫌疑,500
1204,通过,NA
1205,通过,NA
1206,通过,NA
1207,通过,NA
1208,通过,NA
1209,通过,NA
1210,通过,NA
1211,通过,NA
1212,通过,NA
1213,通过,NA
1214,通过,NA
1215,通过,NA
1216,通过,NA
1217,通过,NA
1218,通过,NA
1219,通过,NA
1220,通过,NA
1221,通过,NA
1222,通过,NA
1223,拒绝,500
1224,通过,NA
1225,通过,NA
1226,通过,NA
1227,通过,NA
1228,通过,NA
1229,拒绝,200
1230,通过,NA
1231,通过,NA
1232,通过,NA
1233,通过,NA
1234,通过,NA
1235,通过,NA
1236,嫌疑,500
1237,通过,NA
1238,通过,NA
1239,通过,NA
1240,通过,NA
1241,通过,NA
1242,通过,NA
1243,嫌疑,500
1244,通过,NA
1245,通过,NA
1246,通过,NA
1247,嫌疑,500
1248,通过,NA
1249,通过,NA
1250,通过,NA
1251,通过,NA
1252,通过,NA
1253,通过,NA
1254,通过,NA
1255,通过,NA
1256,通过,NA
1257,嫌疑,500
1258,通过,NA
1259,嫌疑,500
1260,通过,NA
1261,通过,NA
1262,通过,NA
1263,嫌疑,500
1264,通过,NA
1265,通过,NA
1266,通过,NA
1267,通过,NA
1268,通过,NA
1269,通过,NA
1270,通过,NA
1271,通过,NA
1272,嫌疑,500
1273,通过,NA
1274,通过,NA
1275,通过,NA
1276,通过,NA
1277,通过,NA
1278,通过,NA
1279,通过,NA
1280,嫌疑,500
1281,通过,NA
1282,通过,NA
1283,通过,NA
1284,通过,NA
1285,通过,NA
1286,通过,NA
1287,通过,NA
1288,嫌疑,200
1289,通过,NA
1290,通过,NA
1291,通过,NA
1292,通过,NA
1293,通过,NA
1294,通过,NA
1295,通过,NA
1296,通过,NA
1297,通过,NA
1298,通过,NA
1299,嫌疑,500
1300,嫌疑,500
1301,嫌疑,500
1302,嫌疑,500
1303,嫌疑,500
1304,嫌疑,500
1305,通过,NA
1306,通过,NA
1307,通过,NA
1308,通过,NA
1309,通过,NA
1310,通过,NA
1311,通过,NA
1312,通过,NA
1313,通过,NA
1314,嫌疑,500
1315,嫌疑,500
1316,通过,NA
1317,嫌疑,500
1318,通过,NA
1319,通过,NA
1320,通过,NA
1321,嫌疑,500
1322,嫌疑,500
1323,嫌疑,200
1324,通过,NA
1325,通过,NA
1326,嫌疑,100
1327,通过,NA
1328,通过,NA
1329,通过,NA
1330,嫌疑,500
1331,通过,NA
1332,嫌疑,500
1333,通过,NA
1334,通过,NA
1335,通过,NA
1336,通过,NA
1337,嫌疑,100
1338,嫌疑,500
1339,通过,NA
1340,通过,NA
1341,通过,NA
1342,嫌疑,100
1343,通过,NA
1344,通过,NA
1345,通过,NA
1346,嫌疑,500
1347,嫌疑,500
1348,通过,NA
1349,通过,NA
1350,通过,NA
1351,通过,NA
1352,通过,NA
1353,通过,NA
1354,通过,NA
1355,通过,NA
1356,通过,NA
1357,嫌疑,500
1358,通过,NA
1359,通过,NA
1360,通过,NA
1361,通过,NA
1362,通过,NA
1363,通过,NA
1364,通过,NA
1365,通过,NA
1366,嫌疑,500
1367,通过,NA
1368,通过,NA
1369,通过,NA
1370,通过,NA
1371,通过,NA
1372,通过,NA
1373,通过,NA
1374,嫌疑,500
1375,通过,NA
1376,通过,NA
1377,通过,NA
1378,通过,NA
1379,嫌疑,500
1380,通过,NA
1381,通过,NA
1382,嫌疑,500
1383,通过,NA
1384,通过,NA
1385,通过,NA
1386,通过,NA
1387,通过,NA
1388,通过,NA
1389,嫌疑,500
1390,通过,NA
1391,通过,NA
1392,通过,NA
1393,嫌疑,500
1394,嫌疑,100
1395,通过,NA
1396,通过,NA
1397,嫌疑,500
1398,嫌疑,500
1399,通过,NA
1400,通过,NA
1401,通过,NA
1402,通过,NA
1403,通过,NA
1404,通过,NA
1405,嫌疑,500
1406,通过,NA
1407,通过,NA
1408,通过,NA
1409,通过,NA
1410,通过,NA
1411,通过,NA
1412,嫌疑,500
1413,嫌疑,500
1414,通过,NA
1415,通过,NA
1416,通过,NA
1417,通过,NA
1418,通过,NA
1419,通过,NA
1420,通过,NA
1421,通过,NA
1422,通过,NA
1423,通过,NA
1424,通过,NA
1425,通过,NA
1426,通过,NA
1427,嫌疑,500
1428,通过,NA
1429,通过,NA
1430,通过,NA
1431,通过,NA
1432,通过,NA
1433,通过,NA
1434,通过,NA
1435,通过,NA
1436,通过,NA
1437,通过,NA
1438,通过,NA
1439,嫌疑,200
1440,通过,NA
1441,通过,NA
1442,通过,NA
1443,通过,NA
1444,通过,NA
1445,通过,NA
1446,嫌疑,200
1447,通过,NA
1448,通过,NA
1449,通过,NA
1450,通过,NA
1451,通过,NA
1452,通过,NA
1453,通过,NA
1454,通过,NA
1455,通过,NA
1456,嫌疑,500
1457,通过,NA
1458,嫌疑,500
1459,通过,NA
1460,通过,NA
1461,通过,NA
1462,通过,NA
1463,通过,NA
1464,通过,NA
1465,通过,NA
1466,通过,NA
1467,通过,NA
1468,通过,NA
1469,通过,NA
1470,通过,NA
1471,通过,NA
1472,通过,NA
1473,通过,NA
1474,通过,NA
1475,通过,NA
1476,拒绝,500
1477,嫌疑,500
1478,通过,NA
1479,通过,NA
1480,通过,NA
1481,通过,NA
1482,通过,NA
1483,通过,NA
1484,通过,NA
1485,通过,NA
1486,嫌疑,500
1487,通过,NA
1488,通过,NA
1489,通过,NA
1490,通过,NA
1491,通过,NA
1492,通过,NA
1493,通过,NA
1494,通过,NA
1495,通过,NA
1496,通过,NA
1497,通过,NA
1498,通过,NA
1499,拒绝,400
1500,通过,NA
1501,通过,NA
1502,通过,NA
1503,通过,NA
1504,通过,NA
1505,通过,NA
1506,通过,NA
1507,通过,NA
1508,通过,NA
1509,通过,NA
1510,通过,NA
1511,通过,NA
1512,通过,NA
1513,嫌疑,200
1514,拒绝,200
1515,通过,NA
1516,通过,NA
1517,通过,NA
1518,通过,NA
1519,通过,NA
1520,通过,NA
1521,通过,NA
1522,通过,NA
1523,嫌疑,500
1524,通过,NA
1525,通过,NA
1526,通过,NA
1527,通过,NA
1528,拒绝,500
1529,通过,NA
1530,嫌疑,500
1531,通过,NA
1532,通过,NA
1533,通过,NA
1534,嫌疑,500
1535,嫌疑,500
1536,通过,NA
1537,通过,NA
1538,通过,NA
1539,通过,NA
1540,通过,NA
1541,通过,NA
1542,通过,NA
1543,拒绝,200
1544,通过,NA
1545,嫌疑,500
1546,通过,NA
1547,通过,NA
1548,嫌疑,500
1549,通过,NA
1550,通过,NA
1551,通过,NA
1552,嫌疑,500
1553,通过,NA
1554,通过,NA
1555,拒绝,600
1556,通过,NA
1557,嫌疑,500
1558,通过,NA
1559,通过,NA
1560,通过,NA
1561,通过,NA
1562,嫌疑,200
1563,通过,NA
1564,通过,NA
1565,通过,NA
1566,通过,NA
1567,通过,NA
1568,通过,NA
1569,通过,NA
1570,通过,NA
1571,通过,NA
1572,嫌疑,500
1573,嫌疑,500
1574,嫌疑,500
1575,通过,NA
1576,通过,NA
1577,通过,NA
1578,通过,NA
1579,通过,NA
1580,通过,NA
1581,通过,NA
1582,通过,NA
1583,嫌疑,500
1584,嫌疑,200
1585,通过,NA
1586,嫌疑,500
1587,嫌疑,500
1588,嫌疑,500
1589,嫌疑,500
1590,通过,NA
1591,通过,NA
1592,通过,NA
1593,通过,NA
1594,通过,NA
1595,通过,NA
1596,通过,NA
1597,嫌疑,500
1598,通过,NA
1599,通过,NA
1600,通过,NA
1601,通过,NA
1602,通过,NA
1603,通过,NA
1604,通过,NA
1605,通过,NA
1606,通过,NA
1607,通过,NA
1608,通过,NA
1609,嫌疑,200
1610,通过,NA
1611,嫌疑,400
1612,通过,NA
1613,通过,NA
1614,嫌疑,500
1615,通过,NA
1616,通过,NA
1617,通过,NA
1618,通过,NA
1619,通过,NA
1620,通过,NA
1621,通过,NA
1622,通过,NA
1623,通过,NA
1624,通过,NA
1625,通过,NA
1626,嫌疑,200
1627,通过,NA
1628,嫌疑,500
1629,通过,NA
1630,通过,NA
1631,通过,NA
1632,通过,NA
1633,通过,NA
1634,嫌疑,500
1635,通过,NA
1636,通过,NA
1637,嫌疑,500
1638,通过,NA
1639,通过,NA
1640,嫌疑,500
1641,嫌疑,500
1642,通过,NA
1643,通过,NA
1644,嫌疑,500
1645,通过,NA
1646,通过,NA
1647,通过,NA
1648,通过,NA
1649,通过,NA
1650,通过,NA
1651,通过,NA
1652,通过,NA
1653,通过,NA
1654,通过,NA
1655,通过,NA
1656,嫌疑,500
1657,通过,NA
1658,通过,NA
1659,通过,NA
1660,通过,NA
1661,嫌疑,200
1662,拒绝,500
1663,通过,NA
1664,通过,NA
1665,嫌疑,200
1666,拒绝,500
1667,通过,NA
1668,通过,NA
1669,通过,NA
1670,嫌疑,500
1671,通过,NA
1672,通过,NA
1673,通过,NA
1674,嫌疑,500
1675,通过,NA
1676,通过,NA
1677,通过,NA
1678,通过,NA
1679,通过,NA
1680,通过,NA
1681,通过,NA
1682,通过,NA
1683,通过,NA
1684,嫌疑,500
1685,通过,NA
1686,通过,NA
1687,通过,NA
1688,通过,NA
1689,通过,NA
1690,通过,NA
1691,通过,NA
1692,通过,NA
1693,拒绝,200
1694,嫌疑,500
1695,通过,NA
1696,嫌疑,500
1697,通过,NA
1698,通过,NA
1699,嫌疑,500
1700,通过,NA
1701,通过,NA
1702,通过,NA
1703,通过,NA
1704,通过,NA
1705,嫌疑,500
1706,通过,NA
1707,通过,NA
1708,通过,NA
1709,通过,NA
1710,通过,NA
1711,通过,NA
1712,通过,NA
1713,嫌疑,200
1714,通过,NA
1715,通过,NA
1716,通过,NA
1717,通过,NA
1718,通过,NA
1719,嫌疑,500
1720,通过,NA
1721,通过,NA
1722,通过,NA
1723,通过,NA
1724,通过,NA
1725,通过,NA
1726,通过,NA
1727,通过,NA
1728,通过,NA
1729,嫌疑,500
1730,通过,NA
1731,通过,NA
1732,通过,NA
1733,嫌疑,500
1734,通过,NA
1735,嫌疑,500
1736,通过,NA
1737,嫌疑,500
1738,通过,NA
1739,通过,NA
1740,通过,NA
1741,通过,NA
1742,通过,NA
1743,通过,NA
1744,通过,NA
1745,通过,NA
1746,通过,NA
1747,嫌疑,500
1748,通过,NA
1749,通过,NA
1750,通过,NA
1751,嫌疑,500
1752,嫌疑,500
1753,嫌疑,500
1754,通过,NA
1755,通过,NA
1756,通过,NA
1757,通过,NA
1758,嫌疑,500
1759,通过,NA
1760,通过,NA
1761,通过,NA
1762,嫌疑,500
1763,通过,NA
1764,通过,NA
1765,通过,NA
1766,通过,NA
1767,通过,NA
1768,通过,NA
1769,通过,NA
1770,通过,NA
1771,通过,NA
1772,通过,NA
1773,通过,NA
1774,通过,NA
1775,通过,NA
1776,通过,NA
1777,通过,NA
1778,通过,NA
1779,通过,NA
1780,嫌疑,500
1781,嫌疑,500
1782,通过,NA
1783,通过,NA
1784,通过,NA
1785,通过,NA
1786,通过,NA
1787,通过,NA
1788,嫌疑,500
1789,通过,NA
1790,通过,NA
1791,通过,NA
1792,通过,NA
1793,通过,NA
1794,通过,NA
1795,通过,NA
1796,通过,NA
1797,通过,NA
1798,嫌疑,400
1799,通过,NA
1800,通过,NA
1801,通过,NA
1802,通过,NA
1803,嫌疑,500
1804,通过,NA
1805,通过,NA
1806,嫌疑,500
1807,通过,NA
1808,通过,NA
1809,通过,NA
1810,通过,NA
1811,通过,NA
1812,嫌疑,500
1813,通过,NA
1814,通过,NA
1815,通过,NA
1816,通过,NA
1817,嫌疑,500
1818,通过,NA
1819,通过,NA
1820,通过,NA
1821,通过,NA
1822,通过,NA
1823,通过,NA
1824,嫌疑,200
1825,通过,NA
1826,通过,NA
1827,通过,NA
1828,嫌疑,200
1829,通过,NA
1830,通过,NA
1831,通过,NA
1832,通过,NA
1833,通过,NA
1834,通过,NA
1835,嫌疑,500
1836,通过,NA
1837,通过,NA
1838,通过,NA
1839,通过,NA
1840,拒绝,100
1841,通过,NA
1842,通过,NA
1843,通过,NA
1844,通过,NA
1845,通过,NA
1846,通过,NA
1847,嫌疑,200
1848,通过,NA
1849,通过,NA
1850,通过,NA
1851,通过,NA
1852,通过,NA
1853,通过,NA
1854,通过,NA
1855,通过,NA
1856,通过,NA
1857,通过,NA
1858,通过,NA
1859,通过,NA
1860,通过,NA
1861,通过,NA
1862,嫌疑,300
1863,通过,NA
1864,通过,NA
1865,通过,NA
1866,通过,NA
1867,通过,NA
1868,通过,NA
1869,通过,NA
1870,通过,NA
1871,通过,NA
1872,通过,NA
1873,嫌疑,500
1874,通过,NA
1875,嫌疑,500
1876,通过,NA
1877,通过,NA
1878,嫌疑,500
1879,通过,NA
1880,通过,NA
1881,通过,NA
1882,通过,NA
1883,通过,NA
1884,通过,NA
1885,通过,NA
1886,通过,NA
1887,通过,NA
1888,通过,NA
1889,通过,NA
1890,通过,NA
1891,通过,NA
1892,通过,NA
1893,通过,NA
1894,通过,NA
1895,通过,NA
1896,通过,NA
1897,嫌疑,500
1898,通过,NA
1899,通过,NA
1900,通过,NA
1901,通过,NA
1902,通过,NA
1903,通过,NA
1904,嫌疑,500
1905,通过,NA
1906,通过,NA
1907,通过,NA
1908,嫌疑,500
1909,通过,NA
1910,通过,NA
1911,通过,NA
1912,通过,NA
1913,通过,NA
1914,通过,NA
1915,通过,NA
1916,通过,NA
1917,通过,NA
1918,通过,NA
1919,通过,NA
1920,通过,NA
1921,通过,NA
1922,通过,NA
1923,嫌疑,200
1924,通过,NA
1925,嫌疑,500
1926,通过,NA
1927,通过,NA
1928,通过,NA
1929,嫌疑,500
1930,通过,NA
1931,嫌疑,500
1932,嫌疑,500
1933,通过,NA
1934,通过,NA
1935,通过,NA
1936,通过,NA
1937,通过,NA
1938,通过,NA
1939,嫌疑,500
1940,嫌疑,400
1941,通过,NA
1942,通过,NA
1943,通过,NA
1944,嫌疑,500
1945,通过,NA
1946,通过,NA
1947,嫌疑,500
1948,通过,NA
1949,通过,NA
1950,通过,NA
1951,通过,NA
1952,通过,NA
1953,通过,NA
1954,嫌疑,500
1955,通过,NA
1956,通过,NA
1957,通过,NA
1958,通过,NA
1959,通过,NA
1960,通过,NA
1961,嫌疑,500
1962,通过,NA
1963,通过,NA
1964,通过,NA
1965,通过,NA
1966,通过,NA
1967,通过,NA
1968,嫌疑,500
1969,通过,NA
1970,通过,NA
1971,通过,NA
1972,通过,NA
1973,通过,NA
1974,通过,NA
1975,嫌疑,500
1976,通过,NA
1977,嫌疑,500
1978,通过,NA
1979,通过,NA
1980,通过,NA
1981,通过,NA
1982,通过,NA
1983,通过,NA
1984,嫌疑,500
1985,通过,NA
1986,通过,NA
1987,通过,NA
1988,通过,NA
1989,通过,NA
1990,通过,NA
1991,通过,NA
1992,通过,NA
1993,通过,NA
1994,嫌疑,500
1995,通过,NA
1996,通过,NA
1997,通过,NA
1998,通过,NA
1999,通过,NA
2000,嫌疑,500
2001,通过,NA
2002,通过,NA
2003,通过,NA
2004,通过,NA
2005,通过,NA
2006,通过,NA
2007,嫌疑,500
2008,嫌疑,500
2009,通过,NA
2010,通过,NA
2011,通过,NA
2012,通过,NA
2013,嫌疑,500
2014,嫌疑,500
2015,嫌疑,500
2016,通过,NA
2017,通过,NA
2018,通过,NA
2019,嫌疑,500
2020,通过,NA
2021,通过,NA
2022,通过,NA
2023,通过,NA
2024,通过,NA
2025,通过,NA
2026,通过,NA
2027,嫌疑,500
2028,嫌疑,500
2029,通过,NA
2030,通过,NA
2031,通过,NA
2032,通过,NA
2033,通过,NA
2034,嫌疑,500
2035,通过,NA
2036,通过,NA
2037,通过,NA
2038,通过,NA
2039,通过,NA
2040,通过,NA
2041,通过,NA
2042,通过,NA
2043,通过,NA
2044,通过,NA
2045,通过,NA
2046,嫌疑,100
2047,通过,NA
2048,通过,NA
2049,嫌疑,100
2050,通过,NA
2051,通过,NA
2052,通过,NA
2053,嫌疑,500
2054,通过,NA
2055,通过,NA
2056,通过,NA
2057,通过,NA
2058,通过,NA
2059,通过,NA
2060,通过,NA
2061,通过,NA
2062,通过,NA
2063,通过,NA
2064,通过,NA
2065,通过,NA
2066,通过,NA
2067,通过,NA
2068,通过,NA
2069,嫌疑,500
2070,通过,NA
2071,通过,NA
2072,通过,NA
2073,通过,NA
2074,通过,NA
2075,嫌疑,500
2076,通过,NA
2077,通过,NA
2078,通过,NA
2079,通过,NA
2080,通过,NA
2081,嫌疑,500
2082,嫌疑,100
2083,嫌疑,500
2084,通过,NA
2085,通过,NA
2086,通过,NA
2087,通过,NA
2088,通过,NA
2089,通过,NA
2090,嫌疑,200
2091,通过,NA
2092,通过,NA
2093,通过,NA
2094,通过,NA
2095,通过,NA
2096,通过,NA
2097,通过,NA
2098,通过,NA
2099,通过,NA
2100,通过,NA
2101,嫌疑,500
2102,拒绝,500
2103,通过,NA
2104,通过,NA
2105,通过,NA
2106,通过,NA
2107,通过,NA
2108,通过,NA
2109,通过,NA
2110,通过,NA
2111,嫌疑,400
2112,通过,NA
2113,通过,NA
2114,通过,NA
2115,通过,NA
2116,通过,NA
2117,通过,NA
2118,嫌疑,500
2119,通过,NA
2120,通过,NA
2121,嫌疑,500
2122,通过,NA
2123,通过,NA
2124,通过,NA
2125,通过,NA
2126,通过,NA
2127,通过,NA
2128,嫌疑,500
2129,通过,NA
2130,通过,NA
2131,通过,NA
2132,通过,NA
2133,嫌疑,500
2134,通过,NA
2135,通过,NA
2136,通过,NA
2137,通过,NA
2138,通过,NA
2139,通过,NA
2140,通过,NA
2141,通过,NA
2142,通过,NA
2143,通过,NA
2144,通过,NA
2145,通过,NA
2146,嫌疑,500
2147,通过,NA
2148,通过,NA
2149,通过,NA
2150,通过,NA
2151,通过,NA
2152,通过,NA
2153,嫌疑,500
2154,通过,NA
2155,通过,NA
2156,通过,NA
2157,通过,NA
2158,嫌疑,500
2159,嫌疑,500
2160,通过,NA
2161,通过,NA
2162,通过,NA
2163,嫌疑,500
2164,通过,NA
2165,通过,NA
2166,通过,NA
2167,嫌疑,500
2168,通过,NA
2169,通过,NA
2170,通过,NA
2171,嫌疑,500
2172,通过,NA
2173,嫌疑,500
2174,通过,NA
2175,嫌疑,500
2176,嫌疑,500
2177,通过,NA
2178,嫌疑,500
2179,通过,NA
2180,通过,NA
2181,通过,NA
2182,通过,NA
2183,通过,NA
2184,通过,NA
2185,通过,NA
2186,通过,NA
2187,通过,NA
2188,通过,NA
2189,通过,NA
2190,通过,NA
2191,通过,NA
2192,通过,NA
2193,通过,NA
2194,通过,NA
2195,通过,NA
2196,通过,NA
2197,通过,NA
2198,通过,NA
2199,通过,NA
2200,嫌疑,500
2201,通过,NA
2202,通过,NA
2203,嫌疑,500
2204,嫌疑,500
2205,通过,NA
2206,通过,NA
2207,通过,NA
2208,通过,NA
2209,拒绝,500
2210,通过,NA
2211,通过,NA
2212,通过,NA
2213,嫌疑,500
2214,嫌疑,500
2215,通过,NA
2216,通过,NA
2217,通过,NA
2218,通过,NA
2219,通过,NA
2220,通过,NA
2221,通过,NA
2222,通过,NA
2223,嫌疑,500
2224,通过,NA
2225,通过,NA
2226,通过,NA
2227,通过,NA
2228,通过,NA
2229,嫌疑,500
2230,通过,NA
2231,通过,NA
2232,嫌疑,500
2233,通过,NA
2234,嫌疑,500
2235,通过,NA
2236,通过,NA
2237,通过,NA
2238,通过,NA
2239,通过,NA
2240,通过,NA
2241,嫌疑,500
2242,通过,NA
2243,嫌疑,500
2244,嫌疑,600
2245,通过,NA
2246,通过,NA
2247,通过,NA
2248,通过,NA
2249,通过,NA
2250,通过,NA
2251,通过,NA
2252,通过,NA
2253,通过,NA
2254,嫌疑,500
2255,通过,NA
2256,通过,NA
2257,通过,NA
2258,通过,NA
2259,通过,NA
2260,通过,NA
2261,通过,NA
2262,通过,NA
2263,嫌疑,500
2264,嫌疑,500
2265,通过,NA
2266,通过,NA
2267,通过,NA
2268,通过,NA
2269,通过,NA
2270,通过,NA
2271,通过,NA
2272,通过,NA
2273,嫌疑,500
2274,通过,NA
2275,嫌疑,500
2276,通过,NA
2277,通过,NA
2278,通过,NA
2279,通过,NA
2280,通过,NA
2281,通过,NA
2282,嫌疑,200
2283,通过,NA
2284,嫌疑,500
2285,通过,NA
2286,通过,NA
2287,通过,NA
2288,嫌疑,500
2289,通过,NA
2290,通过,NA
2291,通过,NA
2292,嫌疑,200
2293,嫌疑,500
2294,通过,NA
2295,嫌疑,100
2296,通过,NA
2297,通过,NA
2298,通过,NA
2299,通过,NA
2300,通过,NA
2301,通过,NA
2302,通过,NA
2303,通过,NA
2304,通过,NA
2305,通过,NA
2306,通过,NA
2307,通过,NA
2308,通过,NA
2309,嫌疑,500
2310,通过,NA
2311,通过,NA
2312,通过,NA
2313,通过,NA
2314,通过,NA
2315,通过,NA
2316,通过,NA
2317,通过,NA
2318,通过,NA
2319,通过,NA
2320,通过,NA
2321,通过,NA
2322,嫌疑,500
2323,通过,NA
2324,通过,NA
2325,嫌疑,500
2326,嫌疑,100
2327,通过,NA
2328,通过,NA
2329,通过,NA
2330,嫌疑,500
2331,通过,NA
2332,嫌疑,500
2333,拒绝,200
2334,通过,NA
2335,通过,NA
2336,通过,NA
2337,通过,NA
2338,通过,NA
2339,嫌疑,500
2340,通过,NA
2341,通过,NA
2342,通过,NA
2343,通过,NA
2344,通过,NA
2345,通过,NA
2346,通过,NA
2347,通过,NA
2348,通过,NA
2349,通过,NA
2350,通过,NA
2351,通过,NA
2352,通过,NA
2353,通过,NA
2354,通过,NA
2355,通过,NA
2356,通过,NA
2357,通过,NA
2358,通过,NA
2359,通过,NA
2360,通过,NA
2361,通过,NA
2362,通过,NA
2363,通过,NA
2364,通过,NA
2365,通过,NA
2366,通过,NA
2367,嫌疑,500
2368,通过,NA
2369,通过,NA
2370,嫌疑,500
2371,嫌疑,500
2372,通过,NA
2373,通过,NA
2374,通过,NA
2375,通过,NA
2376,通过,NA
2377,通过,NA
2378,通过,NA
2379,通过,NA
2380,通过,NA
2381,通过,NA
2382,拒绝,200
2383,通过,NA
2384,通过,NA
2385,通过,NA
2386,嫌疑,500
2387,通过,NA
2388,通过,NA
2389,通过,NA
2390,通过,NA
2391,嫌疑,500
2392,通过,NA
2393,通过,NA
2394,通过,NA
2395,通过,NA
2396,通过,NA
2397,通过,NA
2398,通过,NA
2399,通过,NA
2400,通过,NA
2401,嫌疑,500
2402,嫌疑,500
2403,通过,NA
2404,通过,NA
2405,嫌疑,500
2406,嫌疑,400
2407,通过,NA
2408,通过,NA
2409,通过,NA
2410,通过,NA
2411,嫌疑,500
2412,通过,NA
2413,通过,NA
2414,通过,NA
2415,通过,NA
2416,通过,NA
2417,通过,NA
2418,嫌疑,500
2419,通过,NA
2420,通过,NA
2421,通过,NA
2422,通过,NA
2423,通过,NA
2424,通过,NA
2425,通过,NA
2426,通过,NA
2427,通过,NA
2428,通过,NA
2429,嫌疑,500
2430,通过,NA
2431,通过,NA
2432,通过,NA
2433,通过,NA
2434,通过,NA
2435,嫌疑,100
2436,嫌疑,100
2437,嫌疑,500
2438,通过,NA
2439,嫌疑,500
2440,嫌疑,500
2441,通过,NA
2442,嫌疑,500
2443,嫌疑,500
2444,嫌疑,500
2445,通过,NA
2446,通过,NA
2447,通过,NA
2448,嫌疑,500
2449,通过,NA
2450,通过,NA
2451,通过,NA
2452,嫌疑,500
2453,通过,NA
2454,通过,NA
2455,嫌疑,100
2456,通过,NA
2457,通过,NA
2458,通过,NA
2459,通过,NA
2460,通过,NA
2461,通过,NA
2462,通过,NA
2463,嫌疑,500
2464,通过,NA
2465,嫌疑,500
2466,通过,NA
2467,通过,NA
2468,通过,NA
2469,通过,NA
2470,通过,NA
2471,通过,NA
2472,通过,NA
2473,通过,NA
2474,通过,NA
2475,通过,NA
2476,嫌疑,500
2477,通过,NA
2478,通过,NA
2479,通过,NA
2480,嫌疑,500
2481,通过,NA
2482,嫌疑,500
2483,嫌疑,500
2484,通过,NA
2485,通过,NA
2486,通过,NA
2487,通过,NA
2488,通过,NA
2489,嫌疑,500
2490,通过,NA
2491,通过,NA
2492,通过,NA
2493,通过,NA
2494,通过,NA
2495,通过,NA
2496,嫌疑,400
2497,通过,NA
2498,通过,NA
2499,通过,NA
2500,通过,NA
2501,通过,NA
2502,嫌疑,500
2503,通过,NA
2504,通过,NA
2505,通过,NA
2506,通过,NA
2507,通过,NA
2508,通过,NA
2509,嫌疑,500
2510,通过,NA
2511,嫌疑,500
2512,嫌疑,500
2513,通过,NA
2514,通过,NA
2515,通过,NA
2516,通过,NA
2517,通过,NA
2518,通过,NA
2519,通过,NA
2520,通过,NA
2521,通过,NA
2522,嫌疑,400
2523,通过,NA
2524,嫌疑,200
2525,通过,NA
2526,通过,NA
2527,通过,NA
2528,嫌疑,500
2529,嫌疑,500
2530,通过,NA
2531,通过,NA
2532,通过,NA
2533,通过,NA
2534,通过,NA
2535,嫌疑,500
2536,通过,NA
2537,嫌疑,500
2538,嫌疑,100
2539,嫌疑,500
2540,通过,NA
2541,通过,NA
2542,通过,NA
2543,通过,NA
2544,通过,NA
2545,通过,NA
2546,通过,NA
2547,通过,NA
2548,通过,NA
2549,通过,NA
2550,嫌疑,500
2551,通过,NA
2552,嫌疑,500
2553,通过,NA
2554,通过,NA
2555,通过,NA
2556,通过,NA
2557,通过,NA
2558,通过,NA
2559,通过,NA
2560,通过,NA
2561,通过,NA
2562,通过,NA
2563,通过,NA
2564,通过,NA
2565,通过,NA
2566,通过,NA
2567,通过,NA
2568,通过,NA
2569,通过,NA
2570,通过,NA
2571,通过,NA
2572,通过,NA
2573,拒绝,200
2574,通过,NA
2575,通过,NA
2576,通过,NA
2577,通过,NA
2578,通过,NA
2579,嫌疑,500
2580,通过,NA
2581,通过,NA
2582,通过,NA
2583,通过,NA
2584,通过,NA
2585,通过,NA
2586,通过,NA
2587,通过,NA
2588,嫌疑,500
2589,通过,NA
2590,通过,NA
2591,通过,NA
2592,通过,NA
2593,通过,NA
2594,通过,NA
2595,通过,NA
2596,通过,NA
2597,嫌疑,500
2598,通过,NA
2599,嫌疑,500
2600,通过,NA
2601,通过,NA
2602,通过,NA
2603,通过,NA
2604,通过,NA
2605,通过,NA
2606,通过,NA
2607,通过,NA
2608,嫌疑,500
2609,通过,NA
2610,通过,NA
2611,通过,NA
2612,通过,NA
2613,通过,NA
2614,通过,NA
2615,通过,NA
2616,通过,NA
2617,通过,NA
2618,通过,NA
2619,通过,NA
2620,通过,NA
2621,通过,NA
2622,通过,NA
2623,通过,NA
2624,通过,NA
2625,通过,NA
2626,通过,NA
2627,嫌疑,500
2628,嫌疑,500
2629,通过,NA
2630,通过,NA
2631,通过,NA
2632,拒绝,100
2633,通过,NA
2634,通过,NA
2635,嫌疑,500
2636,通过,NA
2637,通过,NA
2638,嫌疑,500
2639,通过,NA
2640,通过,NA
2641,通过,NA
2642,通过,NA
2643,通过,NA
2644,通过,NA
2645,通过,NA
2646,通过,NA
2647,嫌疑,400
2648,通过,NA
2649,通过,NA
2650,通过,NA
2651,嫌疑,500
2652,嫌疑,500
2653,通过,NA
2654,嫌疑,500
2655,通过,NA
2656,嫌疑,500
2657,通过,NA
2658,嫌疑,100
2659,通过,NA
2660,通过,NA
2661,嫌疑,500
2662,通过,NA
2663,通过,NA
2664,嫌疑,500
2665,通过,NA
2666,通过,NA
2667,通过,NA
2668,通过,NA
2669,通过,NA
2670,通过,NA
2671,通过,NA
2672,通过,NA
2673,通过,NA
2674,通过,NA
2675,嫌疑,500
2676,通过,NA
2677,通过,NA
2678,通过,NA
2679,嫌疑,500
2680,通过,NA
2681,通过,NA
2682,通过,NA
2683,通过,NA
2684,通过,NA
2685,通过,NA
2686,通过,NA
2687,拒绝,100
2688,通过,NA
2689,通过,NA
2690,嫌疑,500
2691,通过,NA
2692,通过,NA
2693,通过,NA
2694,通过,NA
2695,通过,NA
2696,通过,NA
2697,通过,NA
2698,通过,NA
2699,通过,NA
2700,通过,NA
2701,通过,NA
2702,通过,NA
2703,通过,NA
2704,通过,NA
2705,通过,NA
2706,通过,NA
2707,通过,NA
2708,通过,NA
2709,通过,NA
2710,嫌疑,500
2711,通过,NA
2712,嫌疑,400
2713,嫌疑,500
2714,通过,NA
2715,嫌疑,500
2716,嫌疑,500
2717,通过,NA
2718,通过,NA
2719,通过,NA
2720,嫌疑,500
2721,通过,NA
2722,嫌疑,500
2723,通过,NA
2724,通过,NA
2725,通过,NA
2726,通过,NA
2727,通过,NA
2728,嫌疑,500
2729,通过,NA
2730,通过,NA
2731,通过,NA
2732,通过,NA
2733,通过,NA
2734,通过,NA
2735,通过,NA
2736,通过,NA
2737,嫌疑,500
2738,通过,NA
2739,嫌疑,200
2740,通过,NA
2741,通过,NA
2742,通过,NA
2743,嫌疑,500
2744,通过,NA
2745,通过,NA
2746,拒绝,500
2747,通过,NA
2748,通过,NA
2749,通过,NA
2750,通过,NA
2751,通过,NA
2752,通过,NA
2753,通过,NA
2754,通过,NA
2755,通过,NA
2756,通过,NA
2757,通过,NA
2758,通过,NA
2759,通过,NA
2760,通过,NA
2761,通过,NA
2762,通过,NA
2763,通过,NA
2764,通过,NA
2765,通过,NA
2766,通过,NA
2767,通过,NA
2768,嫌疑,500
2769,通过,NA
2770,通过,NA
2771,通过,NA
2772,嫌疑,500
2773,通过,NA
2774,通过,NA
2775,通过,NA
2776,嫌疑,500
2777,拒绝,500
2778,通过,NA
2779,嫌疑,200
2780,通过,NA
2781,通过,NA
2782,通过,NA
2783,通过,NA
2784,嫌疑,500
2785,通过,NA
2786,通过,NA
2787,通过,NA
2788,通过,NA
2789,通过,NA
2790,通过,NA
2791,通过,NA
2792,通过,NA
2793,通过,NA
2794,通过,NA
2795,通过,NA
2796,通过,NA
2797,通过,NA
2798,通过,NA
2799,通过,NA
2800,通过,NA
2801,嫌疑,500
2802,通过,NA
2803,通过,NA
2804,通过,NA
2805,通过,NA
2806,通过,NA
2807,通过,NA
2808,通过,NA
2809,通过,NA
2810,通过,NA
2811,通过,NA
2812,通过,NA
2813,嫌疑,500
2814,嫌疑,500
2815,嫌疑,500
2816,嫌疑,500
2817,通过,NA
2818,通过,NA
2819,通过,NA
2820,通过,NA
2821,通过,NA
2822,通过,NA
2823,通过,NA
2824,拒绝,500
2825,通过,NA
2826,通过,NA
2827,通过,NA
2828,通过,NA
2829,通过,NA
2830,通过,NA
2831,通过,NA
2832,嫌疑,500
2833,通过,NA
2834,通过,NA
2835,通过,NA
2836,通过,NA
2837,通过,NA
2838,通过,NA
2839,嫌疑,500
2840,嫌疑,500
2841,通过,NA
2842,通过,NA
2843,通过,NA
2844,通过,NA
2845,通过,NA
2846,通过,NA
2847,通过,NA
2848,通过,NA
2849,通过,NA
2850,嫌疑,500
2851,通过,NA
2852,通过,NA
2853,通过,NA
2854,通过,NA
2855,通过,NA
2856,嫌疑,500
2857,通过,NA
2858,嫌疑,100
2859,通过,NA
2860,通过,NA
2861,通过,NA
2862,通过,NA
2863,通过,NA
2864,通过,NA
2865,通过,NA
2866,嫌疑,200
2867,通过,NA
2868,通过,NA
2869,通过,NA
2870,嫌疑,500
2871,通过,NA
2872,通过,NA
2873,通过,NA
2874,嫌疑,500
2875,嫌疑,500
2876,通过,NA
2877,通过,NA
2878,通过,NA
2879,通过,NA
2880,嫌疑,500
2881,通过,NA
2882,通过,NA
2883,嫌疑,500
2884,通过,NA
2885,通过,NA
2886,通过,NA
2887,嫌疑,500
2888,通过,NA
2889,通过,NA
2890,通过,NA
2891,通过,NA
2892,通过,NA
2893,通过,NA
2894,通过,NA
2895,嫌疑,200
2896,通过,NA
2897,通过,NA
2898,嫌疑,500
2899,嫌疑,500
2900,通过,NA
2901,通过,NA
2902,通过,NA
2903,通过,NA
2904,通过,NA
2905,通过,NA
2906,嫌疑,500
2907,通过,NA
2908,通过,NA
2909,通过,NA
2910,通过,NA
2911,通过,NA
2912,通过,NA
2913,通过,NA
2914,通过,NA
2915,通过,NA
2916,通过,NA
2917,通过,NA
2918,通过,NA
2919,嫌疑,500
2920,通过,NA
2921,通过,NA
2922,通过,NA
2923,通过,NA
2924,嫌疑,500
2925,嫌疑,500
2926,通过,NA
2927,嫌疑,500
2928,通过,NA
2929,通过,NA
2930,通过,NA
2931,通过,NA
2932,通过,NA
2933,通过,NA
2934,通过,NA
2935,通过,NA
2936,通过,NA
2937,通过,NA
2938,通过,NA
2939,通过,NA
2940,通过,NA
2941,通过,NA
2942,通过,NA
2943,通过,NA
2944,通过,NA
2945,通过,NA
2946,通过,NA
2947,通过,NA
2948,通过,NA
2949,通过,NA
2950,嫌疑,500
2951,通过,NA
2952,通过,NA
2953,通过,NA
2954,通过,NA
2955,通过,NA
2956,通过,NA
2957,通过,NA
2958,嫌疑,500
2959,通过,NA
2960,通过,NA
2961,通过,NA
2962,通过,NA
2963,通过,NA
2964,通过,NA
2965,通过,NA
2966,通过,NA
2967,嫌疑,500
2968,通过,NA
2969,通过,NA
2970,通过,NA
2971,通过,NA
2972,嫌疑,500
2973,通过,NA
2974,通过,NA
2975,嫌疑,500
2976,通过,NA
2977,嫌疑,500
2978,通过,NA
2979,嫌疑,500
2980,通过,NA
2981,通过,NA
2982,嫌疑,500
2983,通过,NA
2984,通过,NA
2985,通过,NA
2986,嫌疑,500
2987,通过,NA
2988,通过,NA
2989,通过,NA
2990,通过,NA
2991,嫌疑,500
2992,通过,NA
2993,嫌疑,500
2994,通过,NA
2995,通过,NA
2996,通过,NA
2997,通过,NA
2998,通过,NA
2999,通过,NA
3000,通过,NA
3001,拒绝,200
3002,通过,NA
3003,通过,NA
3004,嫌疑,100
3005,通过,NA
3006,通过,NA
3007,通过,NA
3008,通过,NA
3009,通过,NA
3010,通过,NA
3011,通过,NA
3012,通过,NA
3013,通过,NA
3014,通过,NA
3015,通过,NA
3016,通过,NA
3017,嫌疑,500
3018,通过,NA
3019,嫌疑,500
3020,通过,NA
3021,通过,NA
3022,通过,NA
3023,通过,NA
3024,通过,NA
3025,嫌疑,500
3026,通过,NA
3027,通过,NA
3028,通过,NA
3029,通过,NA
3030,通过,NA
3031,通过,NA
3032,通过,NA
3033,通过,NA
3034,通过,NA
3035,拒绝,500
3036,嫌疑,500
3037,通过,NA
3038,嫌疑,500
3039,通过,NA
3040,通过,NA
3041,通过,NA
3042,通过,NA
3043,通过,NA
3044,通过,NA
3045,通过,NA
3046,通过,NA
3047,通过,NA
3048,通过,NA
3049,通过,NA
3050,拒绝,100
3051,拒绝,200
3052,通过,NA
3053,通过,NA
3054,嫌疑,500
3055,通过,NA
3056,通过,NA
3057,通过,NA
3058,通过,NA
3059,通过,NA
3060,嫌疑,500
3061,通过,NA
3062,通过,NA
3063,通过,NA
3064,通过,NA
3065,通过,NA
3066,嫌疑,500
3067,通过,NA
3068,通过,NA
3069,嫌疑,500
3070,通过,NA
3071,嫌疑,100
3072,通过,NA
3073,通过,NA
3074,嫌疑,400
3075,通过,NA
3076,通过,NA
3077,通过,NA
3078,通过,NA
3079,通过,NA
3080,通过,NA
3081,通过,NA
3082,通过,NA
3083,通过,NA
3084,通过,NA
3085,通过,NA
3086,通过,NA
3087,嫌疑,200
3088,嫌疑,500
3089,通过,NA
3090,通过,NA
3091,通过,NA
3092,嫌疑,500
3093,通过,NA
3094,通过,NA
3095,通过,NA
3096,通过,NA
3097,通过,NA
3098,通过,NA
3099,嫌疑,400
3100,通过,NA
3101,通过,NA
3102,通过,NA
3103,通过,NA
3104,通过,NA
3105,通过,NA
3106,嫌疑,500
3107,通过,NA
3108,通过,NA
3109,通过,NA
3110,通过,NA
3111,嫌疑,500
3112,通过,NA
3113,通过,NA
3114,通过,NA
3115,通过,NA
3116,嫌疑,500
3117,通过,NA
3118,通过,NA
3119,通过,NA
3120,通过,NA
3121,通过,NA
3122,通过,NA
3123,通过,NA
3124,嫌疑,500
3125,通过,NA
3126,通过,NA
3127,通过,NA
3128,通过,NA
3129,通过,NA
3130,通过,NA
3131,通过,NA
3132,通过,NA
3133,通过,NA
3134,通过,NA
3135,通过,NA
3136,通过,NA
3137,通过,NA
3138,嫌疑,100
3139,通过,NA
3140,通过,NA
3141,通过,NA
3142,通过,NA
3143,通过,NA
3144,通过,NA
3145,嫌疑,500
3146,通过,NA
3147,通过,NA
3148,嫌疑,500
3149,通过,NA
3150,通过,NA
3151,嫌疑,500
3152,通过,NA
3153,嫌疑,500
3154,通过,NA
3155,嫌疑,500
3156,嫌疑,200
3157,通过,NA
3158,通过,NA
3159,通过,NA
3160,通过,NA
3161,通过,NA
3162,通过,NA
3163,通过,NA
3164,通过,NA
3165,通过,NA
3166,嫌疑,500
3167,嫌疑,500
3168,通过,NA
3169,嫌疑,500
3170,通过,NA
3171,通过,NA
3172,通过,NA
3173,通过,NA
3174,通过,NA
3175,通过,NA
3176,通过,NA
3177,通过,NA
3178,通过,NA
3179,嫌疑,200
3180,通过,NA
3181,通过,NA
3182,通过,NA
3183,拒绝,500
3184,通过,NA
3185,嫌疑,500
3186,嫌疑,500
3187,通过,NA
3188,通过,NA
3189,通过,NA
3190,通过,NA
3191,通过,NA
3192,通过,NA
3193,通过,NA
3194,嫌疑,500
3195,通过,NA
3196,拒绝,500
3197,通过,NA
3198,通过,NA
3199,通过,NA
3200,通过,NA
3201,通过,NA
3202,嫌疑,500
3203,通过,NA
3204,嫌疑,500
3205,嫌疑,500
3206,通过,NA
3207,嫌疑,500
3208,通过,NA
3209,通过,NA
3210,通过,NA
3211,通过,NA
3212,通过,NA
3213,通过,NA
3214,通过,NA
3215,通过,NA
3216,通过,NA
3217,嫌疑,500
3218,嫌疑,500
3219,通过,NA
3220,通过,NA
3221,通过,NA
3222,嫌疑,500
3223,通过,NA
3224,通过,NA
3225,通过,NA
3226,通过,NA
3227,通过,NA
3228,通过,NA
3229,通过,NA
3230,拒绝,500
3231,通过,NA
3232,通过,NA
3233,通过,NA
3234,通过,NA
3235,通过,NA
3236,嫌疑,500
3237,嫌疑,500
3238,通过,NA
3239,通过,NA
3240,通过,NA
3241,通过,NA
3242,通过,NA
3243,通过,NA
3244,通过,NA
3245,通过,NA
3246,通过,NA
3247,通过,NA
3248,通过,NA
3249,嫌疑,500
3250,通过,NA
3251,通过,NA
3252,通过,NA
3253,通过,NA
3254,通过,NA
3255,通过,NA
3256,嫌疑,500
3257,通过,NA
3258,通过,NA
3259,嫌疑,500
3260,通过,NA
3261,通过,NA
3262,通过,NA
3263,通过,NA
3264,通过,NA
3265,通过,NA
3266,通过,NA
3267,通过,NA
3268,通过,NA
3269,通过,NA
3270,通过,NA
3271,通过,NA
3272,通过,NA
3273,通过,NA
3274,通过,NA
3275,通过,NA
3276,通过,NA
3277,通过,NA
3278,通过,NA
3279,通过,NA
3280,通过,NA
3281,通过,NA
3282,通过,NA
3283,通过,NA
3284,通过,NA
3285,嫌疑,500
3286,通过,NA
3287,通过,NA
3288,通过,NA
3289,通过,NA
3290,通过,NA
3291,嫌疑,500
3292,通过,NA
3293,通过,NA
3294,嫌疑,500
3295,通过,NA
3296,嫌疑,500
3297,通过,NA
3298,通过,NA
3299,拒绝,500
3300,通过,NA
3301,通过,NA
3302,通过,NA
3303,通过,NA
3304,通过,NA
3305,通过,NA
3306,通过,NA
3307,通过,NA
3308,通过,NA
3309,通过,NA
3310,通过,NA
3311,嫌疑,200
3312,嫌疑,500
3313,嫌疑,200
3314,通过,NA
3315,通过,NA
3316,通过,NA
3317,通过,NA
3318,嫌疑,500
3319,通过,NA
3320,通过,NA
3321,通过,NA
3322,嫌疑,500
3323,通过,NA
3324,通过,NA
3325,通过,NA
3326,通过,NA
3327,嫌疑,500
3328,通过,NA
3329,通过,NA
3330,通过,NA
3331,通过,NA
3332,通过,NA
3333,通过,NA
3334,通过,NA
3335,嫌疑,500
3336,通过,NA
3337,嫌疑,500
3338,通过,NA
3339,嫌疑,500
3340,通过,NA
3341,通过,NA
3342,通过,NA
3343,嫌疑,500
3344,嫌疑,500
3345,通过,NA
3346,通过,NA
3347,嫌疑,400
3348,通过,NA
3349,通过,NA
3350,嫌疑,500
3351,嫌疑,200
3352,嫌疑,500
3353,通过,NA
3354,通过,NA
3355,通过,NA
3356,通过,NA
3357,通过,NA
3358,通过,NA
3359,通过,NA
3360,通过,NA
3361,通过,NA
3362,通过,NA
3363,通过,NA
3364,通过,NA
3365,通过,NA
3366,嫌疑,500
3367,通过,NA
3368,嫌疑,500
3369,嫌疑,500
3370,通过,NA
3371,通过,NA
3372,通过,NA
3373,通过,NA
3374,通过,NA
3375,通过,NA
3376,通过,NA
3377,通过,NA
3378,通过,NA
3379,拒绝,500
3380,通过,NA
3381,通过,NA
3382,嫌疑,500
3383,通过,NA
3384,通过,NA
3385,通过,NA
3386,拒绝,100
3387,通过,NA
3388,通过,NA
3389,通过,NA
3390,嫌疑,500
3391,通过,NA
3392,通过,NA
3393,通过,NA
3394,通过,NA
3395,通过,NA
3396,嫌疑,500
3397,通过,NA
3398,通过,NA
3399,通过,NA
3400,嫌疑,500
3401,通过,NA
3402,嫌疑,500
3403,通过,NA
3404,通过,NA
3405,通过,NA
3406,拒绝,500
3407,通过,NA
3408,通过,NA
3409,通过,NA
3410,拒绝,200
3411,拒绝,100
3412,通过,NA
3413,嫌疑,500
3414,嫌疑,600
3415,通过,NA
3416,嫌疑,500
3417,通过,NA
3418,通过,NA
3419,通过,NA
3420,通过,NA
3421,通过,NA
3422,嫌疑,500
3423,通过,NA
3424,通过,NA
3425,通过,NA
3426,通过,NA
3427,通过,NA
3428,嫌疑,500
3429,通过,NA
3430,通过,NA
3431,通过,NA
3432,嫌疑,500
3433,通过,NA
3434,通过,NA
3435,通过,NA
3436,通过,NA
3437,通过,NA
3438,通过,NA
3439,通过,NA
3440,通过,NA
3441,通过,NA
3442,通过,NA
3443,通过,NA
3444,通过,NA
3445,嫌疑,500
3446,通过,NA
3447,通过,NA
3448,嫌疑,500
3449,通过,NA
3450,通过,NA
3451,通过,NA
3452,通过,NA
3453,通过,NA
3454,通过,NA
3455,通过,NA
3456,通过,NA
3457,通过,NA
3458,通过,NA
3459,通过,NA
3460,嫌疑,500
3461,通过,NA
3462,通过,NA
3463,通过,NA
3464,通过,NA
3465,通过,NA
3466,嫌疑,500
3467,通过,NA
3468,通过,NA
3469,通过,NA
3470,通过,NA
3471,通过,NA
3472,通过,NA
3473,通过,NA
3474,通过,NA
3475,通过,NA
3476,通过,NA
3477,通过,NA
3478,嫌疑,500
3479,嫌疑,500
3480,通过,NA
3481,通过,NA
3482,通过,NA
3483,通过,NA
3484,通过,NA
3485,通过,NA
3486,嫌疑,500
3487,嫌疑,500
3488,通过,NA
3489,通过,NA
3490,通过,NA
3491,通过,NA
3492,通过,NA
3493,通过,NA
3494,通过,NA
3495,通过,NA
3496,通过,NA
3497,通过,NA
3498,通过,NA
3499,嫌疑,500
3500,嫌疑,500
3501,通过,NA
3502,通过,NA
3503,通过,NA
3504,通过,NA
3505,通过,NA
3506,嫌疑,500
3507,通过,NA
3508,通过,NA
3509,通过,NA
3510,嫌疑,500
3511,通过,NA
3512,通过,NA
3513,通过,NA
3514,通过,NA
3515,通过,NA
3516,通过,NA
3517,通过,NA
3518,通过,NA
3519,通过,NA
3520,通过,NA
3521,通过,NA
3522,嫌疑,500
3523,嫌疑,500
3524,通过,NA
3525,通过,NA
3526,嫌疑,400
3527,嫌疑,500
3528,嫌疑,500
3529,通过,NA
3530,通过,NA
3531,通过,NA
3532,通过,NA
3533,通过,NA
3534,通过,NA
3535,通过,NA
3536,通过,NA
3537,通过,NA
3538,通过,NA
3539,通过,NA
3540,嫌疑,500
3541,嫌疑,500
3542,通过,NA
3543,通过,NA
3544,通过,NA
3545,嫌疑,400
3546,通过,NA
3547,通过,NA
3548,通过,NA
3549,通过,NA
3550,通过,NA
3551,通过,NA
3552,通过,NA
3553,通过,NA
3554,通过,NA
3555,通过,NA
3556,通过,NA
3557,通过,NA
3558,嫌疑,500
3559,通过,NA
3560,通过,NA
3561,通过,NA
3562,嫌疑,200
3563,通过,NA
3564,通过,NA
3565,嫌疑,500
3566,通过,NA
3567,通过,NA
3568,通过,NA
3569,通过,NA
3570,通过,NA
3571,通过,NA
3572,通过,NA
3573,通过,NA
3574,通过,NA
3575,通过,NA
3576,通过,NA
3577,通过,NA
3578,通过,NA
3579,通过,NA
3580,通过,NA
3581,通过,NA
3582,通过,NA
3583,嫌疑,500
3584,通过,NA
3585,嫌疑,500
3586,通过,NA
3587,通过,NA
3588,通过,NA
3589,通过,NA
3590,通过,NA
3591,嫌疑,400
3592,嫌疑,500
3593,通过,NA
3594,通过,NA
3595,通过,NA
3596,通过,NA
3597,嫌疑,200
3598,通过,NA
3599,嫌疑,500
3600,通过,NA
3601,通过,NA
3602,通过,NA
3603,通过,NA
3604,拒绝,500
3605,嫌疑,500
3606,通过,NA
3607,通过,NA
3608,嫌疑,500
3609,通过,NA
3610,通过,NA
3611,通过,NA
3612,嫌疑,500
3613,通过,NA
3614,通过,NA
3615,嫌疑,500
3616,通过,NA
3617,通过,NA
3618,通过,NA
3619,通过,NA
3620,通过,NA
3621,通过,NA
3622,嫌疑,500
3623,通过,NA
3624,通过,NA
3625,通过,NA
3626,通过,NA
3627,嫌疑,500
3628,通过,NA
3629,通过,NA
3630,通过,NA
3631,通过,NA
3632,嫌疑,500
3633,通过,NA
3634,通过,NA
3635,通过,NA
3636,通过,NA
3637,通过,NA
3638,通过,NA
3639,通过,NA
3640,嫌疑,500
3641,通过,NA
3642,嫌疑,400
3643,通过,NA
3644,通过,NA
3645,通过,NA
3646,通过,NA
3647,通过,NA
3648,通过,NA
3649,嫌疑,200
3650,通过,NA
3651,通过,NA
3652,通过,NA
3653,通过,NA
3654,通过,NA
3655,通过,NA
3656,通过,NA
3657,通过,NA
3658,通过,NA
3659,通过,NA
3660,通过,NA
3661,嫌疑,500
3662,通过,NA
3663,通过,NA
3664,通过,NA
3665,通过,NA
3666,嫌疑,500
3667,通过,NA
3668,嫌疑,500
3669,通过,NA
3670,通过,NA
3671,通过,NA
3672,通过,NA
3673,通过,NA
3674,通过,NA
3675,通过,NA
3676,通过,NA
3677,通过,NA
3678,通过,NA
3679,通过,NA
3680,嫌疑,500
3681,通过,NA
3682,通过,NA
3683,嫌疑,500
3684,通过,NA
3685,嫌疑,500
3686,通过,NA
3687,通过,NA
3688,拒绝,100
3689,通过,NA
3690,通过,NA
3691,通过,NA
3692,通过,NA
3693,嫌疑,500
3694,通过,NA
3695,通过,NA
3696,通过,NA
3697,通过,NA
3698,通过,NA
3699,通过,NA
3700,通过,NA
3701,通过,NA
3702,通过,NA
3703,通过,NA
3704,通过,NA
3705,嫌疑,500
3706,通过,NA
3707,通过,NA
3708,通过,NA
3709,通过,NA
3710,通过,NA
3711,通过,NA
3712,通过,NA
3713,通过,NA
3714,通过,NA
3715,通过,NA
3716,通过,NA
3717,通过,NA
3718,通过,NA
3719,通过,NA
3720,通过,NA
3721,通过,NA
3722,通过,NA
3723,通过,NA
3724,通过,NA
3725,通过,NA
3726,拒绝,500
3727,通过,NA
3728,通过,NA
3729,通过,NA
3730,通过,NA
3731,通过,NA
3732,通过,NA
3733,通过,NA
3734,嫌疑,500
3735,通过,NA
3736,通过,NA
3737,通过,NA
3738,通过,NA
3739,通过,NA
3740,通过,NA
3741,通过,NA
3742,通过,NA
3743,通过,NA
3744,通过,NA
3745,拒绝,200
3746,通过,NA
3747,通过,NA
3748,通过,NA
3749,通过,NA
3750,通过,NA
3751,通过,NA
3752,嫌疑,500
3753,嫌疑,500
3754,通过,NA
3755,通过,NA
3756,通过,NA
3757,通过,NA
3758,通过,NA
3759,通过,NA
3760,通过,NA
3761,通过,NA
3762,通过,NA
3763,通过,NA
3764,通过,NA
3765,通过,NA
3766,通过,NA
3767,通过,NA
3768,嫌疑,500
3769,通过,NA
3770,通过,NA
3771,通过,NA
3772,通过,NA
3773,通过,NA
3774,通过,NA
3775,通过,NA
3776,通过,NA
3777,通过,NA
3778,通过,NA
3779,通过,NA
3780,嫌疑,500
3781,通过,NA
3782,通过,NA
3783,通过,NA
3784,通过,NA
3785,通过,NA
3786,通过,NA
3787,通过,NA
3788,通过,NA
3789,通过,NA
3790,通过,NA
3791,通过,NA
3792,嫌疑,500
3793,通过,NA
3794,通过,NA
3795,通过,NA
3796,嫌疑,500
3797,通过,NA
3798,嫌疑,500
3799,通过,NA
3800,通过,NA
3801,嫌疑,500
3802,嫌疑,400
3803,通过,NA
3804,通过,NA
3805,通过,NA
3806,通过,NA
3807,通过,NA
3808,嫌疑,500
3809,通过,NA
3810,通过,NA
3811,通过,NA
3812,嫌疑,100
3813,通过,NA
3814,通过,NA
3815,通过,NA
3816,通过,NA
3817,通过,NA
3818,通过,NA
3819,通过,NA
3820,嫌疑,500
3821,嫌疑,500
3822,通过,NA
3823,通过,NA
3824,通过,NA
3825,通过,NA
3826,通过,NA
3827,通过,NA
3828,通过,NA
3829,通过,NA
3830,嫌疑,400
3831,通过,NA
3832,通过,NA
3833,通过,NA
3834,通过,NA
3835,通过,NA
3836,通过,NA
3837,嫌疑,500
3838,通过,NA
3839,嫌疑,400
3840,嫌疑,500
3841,通过,NA
3842,通过,NA
3843,通过,NA
3844,通过,NA
3845,通过,NA
3846,通过,NA
3847,通过,NA
3848,通过,NA
3849,通过,NA
3850,通过,NA
3851,通过,NA
3852,通过,NA
3853,通过,NA
3854,通过,NA
3855,通过,NA
3856,通过,NA
3857,通过,NA
3858,拒绝,100
3859,通过,NA
3860,通过,NA
3861,嫌疑,600
3862,通过,NA
3863,通过,NA
3864,嫌疑,500
3865,通过,NA
3866,通过,NA
3867,嫌疑,500
3868,通过,NA
3869,通过,NA
3870,拒绝,100
3871,通过,NA
3872,通过,NA
3873,嫌疑,500
3874,通过,NA
3875,通过,NA
3876,嫌疑,500
3877,通过,NA
3878,通过,NA
3879,通过,NA
3880,嫌疑,500
3881,通过,NA
3882,通过,NA
3883,通过,NA
3884,嫌疑,400
3885,通过,NA
3886,通过,NA
3887,通过,NA
3888,通过,NA
3889,通过,NA
3890,通过,NA
3891,嫌疑,100
3892,通过,NA
3893,通过,NA
3894,通过,NA
3895,通过,NA
3896,通过,NA
3897,通过,NA
3898,通过,NA
3899,通过,NA
3900,嫌疑,500
3901,通过,NA
3902,嫌疑,500
3903,通过,NA
3904,通过,NA
3905,嫌疑,500
3906,通过,NA
3907,通过,NA
3908,通过,NA
3909,通过,NA
3910,通过,NA
3911,通过,NA
3912,通过,NA
3913,通过,NA
3914,通过,NA
3915,嫌疑,500
3916,通过,NA
3917,通过,NA
3918,通过,NA
3919,嫌疑,500
3920,通过,NA
3921,嫌疑,400
3922,通过,NA
3923,通过,NA
3924,嫌疑,500
3925,通过,NA
3926,通过,NA
3927,通过,NA
3928,通过,NA
3929,通过,NA
3930,通过,NA
3931,通过,NA
3932,嫌疑,500
3933,通过,NA
3934,通过,NA
3935,通过,NA
3936,通过,NA
3937,嫌疑,500
3938,通过,NA
3939,嫌疑,500
3940,通过,NA
3941,通过,NA
3942,通过,NA
3943,通过,NA
3944,通过,NA
3945,通过,NA
3946,嫌疑,500
3947,通过,NA
3948,通过,NA
3949,通过,NA
3950,通过,NA
3951,通过,NA
3952,嫌疑,500
3953,嫌疑,500
3954,通过,NA
3955,通过,NA
3956,通过,NA
3957,通过,NA
3958,嫌疑,500
3959,通过,NA
3960,通过,NA
3961,通过,NA
3962,通过,NA
3963,通过,NA
3964,通过,NA
3965,通过,NA
3966,通过,NA
3967,通过,NA
3968,通过,NA
3969,嫌疑,200
3970,嫌疑,100
3971,通过,NA
3972,嫌疑,500
3973,嫌疑,500
3974,嫌疑,200
3975,嫌疑,100
3976,通过,NA
3977,通过,NA
3978,通过,NA
3979,通过,NA
3980,通过,NA
3981,通过,NA
3982,通过,NA
3983,通过,NA
3984,通过,NA
3985,通过,NA
3986,通过,NA
3987,通过,NA
3988,通过,NA
3989,通过,NA
3990,嫌疑,500
3991,嫌疑,500
3992,通过,NA
3993,通过,NA
3994,通过,NA
3995,通过,NA
3996,嫌疑,500
3997,通过,NA
3998,通过,NA
3999,通过,NA
4000,通过,NA
4001,通过,NA
4002,通过,NA
4003,拒绝,600
4004,通过,NA
4005,嫌疑,500
4006,通过,NA
4007,通过,NA
4008,通过,NA
4009,通过,NA
4010,通过,NA
4011,通过,NA
4012,通过,NA
4013,通过,NA
4014,嫌疑,500
4015,通过,NA
4016,通过,NA
4017,通过,NA
4018,嫌疑,500
4019,通过,NA
4020,通过,NA
4021,通过,NA
4022,通过,NA
4023,通过,NA
4024,嫌疑,500
4025,拒绝,100
4026,通过,NA
4027,通过,NA
4028,通过,NA
4029,通过,NA
4030,通过,NA
4031,通过,NA
4032,通过,NA
4033,通过,NA
4034,通过,NA
4035,拒绝,500
4036,通过,NA
4037,通过,NA
4038,通过,NA
4039,嫌疑,500
4040,通过,NA
4041,通过,NA
4042,通过,NA
4043,通过,NA
4044,通过,NA
4045,通过,NA
4046,嫌疑,500
4047,通过,NA
4048,通过,NA
4049,通过,NA
4050,嫌疑,500
4051,通过,NA
4052,通过,NA
4053,通过,NA
4054,通过,NA
4055,通过,NA
4056,通过,NA
4057,嫌疑,500
4058,通过,NA
4059,通过,NA
4060,通过,NA
4061,通过,NA
4062,通过,NA
4063,通过,NA
4064,通过,NA
4065,通过,NA
4066,通过,NA
4067,通过,NA
4068,通过,NA
4069,通过,NA
4070,通过,NA
4071,通过,NA
4072,通过,NA
4073,嫌疑,500
4074,通过,NA
4075,通过,NA
4076,通过,NA
4077,通过,NA
4078,通过,NA
4079,通过,NA
4080,通过,NA
4081,嫌疑,500
4082,通过,NA
4083,嫌疑,500
4084,通过,NA
4085,通过,NA
4086,拒绝,500
4087,嫌疑,500
4088,通过,NA
4089,拒绝,100
4090,嫌疑,400
4091,通过,NA
4092,通过,NA
4093,通过,NA
4094,通过,NA
4095,通过,NA
4096,通过,NA
4097,通过,NA
4098,嫌疑,500
4099,通过,NA
4100,拒绝,500
4101,拒绝,500
4102,通过,NA
4103,通过,NA
4104,通过,NA
4105,通过,NA
4106,通过,NA
4107,通过,NA
4108,通过,NA
4109,通过,NA
4110,嫌疑,400
4111,通过,NA
4112,通过,NA
4113,通过,NA
4114,嫌疑,500
4115,通过,NA
4116,嫌疑,500
4117,通过,NA
4118,通过,NA
4119,嫌疑,500
4120,通过,NA
4121,通过,NA
4122,通过,NA
4123,通过,NA
4124,通过,NA
4125,通过,NA
4126,通过,NA
4127,通过,NA
4128,拒绝,400
4129,通过,NA
4130,通过,NA
4131,通过,NA
4132,通过,NA
4133,通过,NA
4134,嫌疑,500
4135,拒绝,200
4136,通过,NA
4137,通过,NA
4138,通过,NA
4139,通过,NA
4140,通过,NA
4141,通过,NA
4142,嫌疑,500
4143,通过,NA
4144,通过,NA
4145,通过,NA
4146,通过,NA
4147,通过,NA
4148,通过,NA
4149,通过,NA
4150,通过,NA
4151,通过,NA
4152,通过,NA
4153,嫌疑,500
4154,通过,NA
4155,通过,NA
4156,通过,NA
4157,嫌疑,500
4158,通过,NA
4159,拒绝,500
4160,通过,NA
4161,通过,NA
4162,通过,NA
4163,通过,NA
4164,通过,NA
4165,通过,NA
4166,通过,NA
4167,通过,NA
4168,通过,NA
4169,通过,NA
4170,通过,NA
4171,通过,NA
4172,通过,NA
4173,通过,NA
4174,通过,NA
4175,通过,NA
4176,拒绝,200
4177,通过,NA
4178,通过,NA
4179,拒绝,100
4180,拒绝,200
4181,通过,NA
4182,通过,NA
4183,通过,NA
4184,通过,NA
4185,通过,NA
4186,通过,NA
4187,通过,NA
4188,通过,NA
4189,通过,NA
4190,嫌疑,500
4191,通过,NA
4192,通过,NA
4193,通过,NA
4194,通过,NA
4195,通过,NA
4196,通过,NA
4197,通过,NA
4198,嫌疑,500
4199,通过,NA
4200,通过,NA
4201,通过,NA
4202,嫌疑,500
4203,通过,NA
4204,通过,NA
4205,通过,NA
4206,通过,NA
4207,通过,NA
4208,通过,NA
4209,通过,NA
4210,通过,NA
4211,通过,NA
4212,通过,NA
4213,通过,NA
4214,通过,NA
4215,通过,NA
4216,通过,NA
4217,通过,NA
4218,通过,NA
4219,通过,NA
4220,通过,NA
4221,通过,NA
4222,通过,NA
4223,通过,NA
4224,通过,NA
4225,通过,NA
4226,通过,NA
4227,通过,NA
4228,通过,NA
4229,通过,NA
4230,通过,NA
4231,通过,NA
4232,通过,NA
4233,通过,NA
4234,通过,NA
4235,通过,NA
4236,通过,NA
4237,嫌疑,500
4238,嫌疑,500
4239,通过,NA
4240,嫌疑,500
4241,通过,NA
4242,通过,NA
4243,通过,NA
4244,嫌疑,500
4245,嫌疑,500
4246,通过,NA
4247,通过,NA
4248,嫌疑,500
4249,通过,NA
4250,通过,NA
4251,通过,NA
4252,通过,NA
4253,拒绝,500
4254,通过,NA
4255,嫌疑,500
4256,通过,NA
4257,通过,NA
4258,嫌疑,500
4259,通过,NA
4260,通过,NA
4261,通过,NA
4262,嫌疑,200
4263,通过,NA
4264,通过,NA
4265,嫌疑,500
4266,通过,NA
4267,通过,NA
4268,通过,NA
4269,通过,NA
4270,通过,NA
4271,通过,NA
4272,通过,NA
4273,嫌疑,500
4274,嫌疑,500
4275,通过,NA
4276,通过,NA
4277,通过,NA
4278,嫌疑,500
4279,通过,NA
4280,通过,NA
4281,通过,NA
4282,通过,NA
4283,通过,NA
4284,通过,NA
4285,通过,NA
4286,通过,NA
4287,通过,NA
4288,通过,NA
4289,通过,NA
4290,通过,NA
4291,嫌疑,100
4292,嫌疑,500
4293,通过,NA
4294,通过,NA
4295,通过,NA
4296,通过,NA
4297,通过,NA
4298,通过,NA
4299,嫌疑,500
4300,嫌疑,500
4301,通过,NA
4302,通过,NA
4303,通过,NA
4304,嫌疑,500
4305,通过,NA
4306,通过,NA
4307,通过,NA
4308,通过,NA
4309,通过,NA
4310,通过,NA
4311,嫌疑,500
4312,嫌疑,500
4313,嫌疑,500
4314,通过,NA
4315,通过,NA
4316,通过,NA
4317,通过,NA
4318,通过,NA
4319,通过,NA
4320,通过,NA
4321,通过,NA
4322,通过,NA
4323,通过,NA
4324,通过,NA
4325,通过,NA
4326,通过,NA
4327,通过,NA
4328,通过,NA
4329,嫌疑,500
4330,通过,NA
4331,通过,NA
4332,通过,NA
4333,通过,NA
4334,通过,NA
4335,通过,NA
4336,通过,NA
4337,通过,NA
4338,通过,NA
4339,通过,NA
4340,通过,NA
4341,通过,NA
4342,通过,NA
4343,拒绝,500
4344,通过,NA
4345,通过,NA
4346,通过,NA
4347,通过,NA
4348,通过,NA
4349,通过,NA
4350,嫌疑,500
4351,通过,NA
4352,通过,NA
4353,通过,NA
4354,通过,NA
4355,通过,NA
4356,通过,NA
4357,嫌疑,500
4358,通过,NA
4359,通过,NA
4360,通过,NA
4361,通过,NA
4362,通过,NA
4363,通过,NA
4364,通过,NA
4365,通过,NA
4366,通过,NA
4367,嫌疑,500
4368,通过,NA
4369,通过,NA
4370,通过,NA
4371,通过,NA
4372,通过,NA
4373,通过,NA
4374,通过,NA
4375,通过,NA
4376,嫌疑,500
4377,通过,NA
4378,嫌疑,100
4379,通过,NA
4380,通过,NA
4381,通过,NA
4382,通过,NA
4383,通过,NA
4384,通过,NA
4385,通过,NA
4386,通过,NA
4387,通过,NA
4388,嫌疑,500
4389,嫌疑,500
4390,通过,NA
4391,通过,NA
4392,通过,NA
4393,嫌疑,500
4394,通过,NA
4395,通过,NA
4396,通过,NA
4397,通过,NA
4398,通过,NA
4399,通过,NA
4400,通过,NA
4401,通过,NA
4402,通过,NA
4403,通过,NA
4404,通过,NA
4405,通过,NA
4406,通过,NA
4407,嫌疑,200
4408,通过,NA
4409,通过,NA
4410,嫌疑,500
4411,通过,NA
4412,通过,NA
4413,嫌疑,500
4414,通过,NA
4415,嫌疑,500
4416,嫌疑,500
4417,通过,NA
4418,通过,NA
4419,通过,NA
4420,嫌疑,500
4421,通过,NA
4422,嫌疑,500
4423,通过,NA
4424,通过,NA
4425,嫌疑,100
4426,通过,NA
4427,通过,NA
4428,通过,NA
4429,通过,NA
4430,通过,NA
4431,通过,NA
4432,通过,NA
4433,通过,NA
4434,通过,NA
4435,通过,NA
4436,通过,NA
4437,通过,NA
4438,嫌疑,500
4439,嫌疑,500
4440,通过,NA
4441,通过,NA
4442,通过,NA
4443,通过,NA
4444,通过,NA
4445,通过,NA
4446,通过,NA
4447,通过,NA
4448,通过,NA
4449,拒绝,100
4450,通过,NA
4451,通过,NA
4452,嫌疑,200
4453,通过,NA
4454,通过,NA
4455,通过,NA
4456,通过,NA
4457,通过,NA
4458,通过,NA
4459,通过,NA
4460,通过,NA
4461,通过,NA
4462,通过,NA
4463,通过,NA
4464,通过,NA
4465,通过,NA
4466,通过,NA
4467,通过,NA
4468,嫌疑,500
4469,通过,NA
4470,通过,NA
4471,嫌疑,500
4472,通过,NA
4473,嫌疑,500
4474,通过,NA
4475,通过,NA
4476,通过,NA
4477,通过,NA
4478,嫌疑,500
4479,通过,NA
4480,通过,NA
4481,通过,NA
4482,通过,NA
4483,嫌疑,100
4484,嫌疑,500
4485,嫌疑,500
4486,通过,NA
4487,嫌疑,500
4488,通过,NA
4489,嫌疑,200
4490,通过,NA
4491,嫌疑,500
4492,通过,NA
4493,嫌疑,500
4494,通过,NA
4495,通过,NA
4496,通过,NA
4497,通过,NA
4498,通过,NA
4499,通过,NA
4500,通过,NA
4501,通过,NA
4502,嫌疑,500
4503,通过,NA
4504,通过,NA
4505,通过,NA
4506,通过,NA
4507,通过,NA
4508,通过,NA
4509,通过,NA
4510,通过,NA
4511,通过,NA
4512,嫌疑,200
4513,通过,NA
4514,通过,NA
4515,嫌疑,500
4516,通过,NA
4517,嫌疑,500
4518,通过,NA
4519,嫌疑,500
4520,通过,NA
4521,通过,NA
4522,通过,NA
4523,通过,NA
4524,通过,NA
4525,通过,NA
4526,嫌疑,500
4527,拒绝,500
4528,通过,NA
4529,嫌疑,500
4530,嫌疑,500
4531,通过,NA
4532,通过,NA
4533,通过,NA
4534,通过,NA
4535,通过,NA
4536,通过,NA
4537,通过,NA
4538,通过,NA
4539,通过,NA
4540,通过,NA
4541,通过,NA
4542,通过,NA
4543,嫌疑,500
4544,嫌疑,500
4545,通过,NA
4546,通过,NA
4547,通过,NA
4548,通过,NA
4549,通过,NA
4550,嫌疑,500
4551,通过,NA
4552,通过,NA
4553,通过,NA
4554,通过,NA
4555,通过,NA
4556,通过,NA
4557,通过,NA
4558,通过,NA
4559,通过,NA
4560,通过,NA
4561,通过,NA
4562,通过,NA
4563,拒绝,200
4564,通过,NA
4565,通过,NA
4566,通过,NA
4567,通过,NA
4568,嫌疑,500
4569,通过,NA
4570,通过,NA
4571,嫌疑,500
4572,通过,NA
4573,通过,NA
4574,拒绝,500
4575,通过,NA
4576,通过,NA
4577,嫌疑,500
4578,嫌疑,500
4579,通过,NA
4580,通过,NA
4581,通过,NA
4582,通过,NA
4583,通过,NA
4584,通过,NA
4585,拒绝,200
4586,通过,NA
4587,通过,NA
4588,通过,NA
4589,通过,NA
4590,通过,NA
4591,通过,NA
4592,通过,NA
4593,通过,NA
4594,嫌疑,500
4595,通过,NA
4596,通过,NA
4597,通过,NA
4598,嫌疑,500
4599,嫌疑,500
4600,通过,NA
4601,通过,NA
4602,通过,NA
4603,通过,NA
4604,通过,NA
4605,通过,NA
4606,嫌疑,500
4607,嫌疑,500
4608,通过,NA
4609,通过,NA
4610,通过,NA
4611,通过,NA
4612,通过,NA
4613,通过,NA
4614,通过,NA
4615,通过,NA
4616,嫌疑,500
4617,通过,NA
4618,嫌疑,500
4619,通过,NA
4620,通过,NA
4621,嫌疑,500
4622,通过,NA
4623,嫌疑,500
4624,通过,NA
4625,通过,NA
4626,通过,NA
4627,通过,NA
4628,通过,NA
4629,通过,NA
4630,嫌疑,500
4631,通过,NA
4632,通过,NA
4633,通过,NA
4634,通过,NA
4635,嫌疑,500
4636,通过,NA
4637,通过,NA
4638,通过,NA
4639,通过,NA
4640,通过,NA
4641,通过,NA
4642,通过,NA
4643,通过,NA
4644,通过,NA
4645,通过,NA
4646,通过,NA
4647,通过,NA
4648,嫌疑,500
4649,通过,NA
4650,拒绝,500
4651,通过,NA
4652,通过,NA
4653,通过,NA
4654,通过,NA
4655,通过,NA
4656,通过,NA
4657,嫌疑,400
4658,嫌疑,500
4659,通过,NA
4660,通过,NA
4661,嫌疑,500
4662,通过,NA
4663,通过,NA
4664,通过,NA
4665,通过,NA
4666,嫌疑,500
4667,通过,NA
4668,嫌疑,500
4669,嫌疑,500
4670,通过,NA
4671,嫌疑,500
4672,嫌疑,500
4673,通过,NA
4674,通过,NA
4675,通过,NA
4676,嫌疑,500
4677,通过,NA
4678,通过,NA
4679,嫌疑,500
4680,通过,NA
4681,通过,NA
4682,拒绝,100
4683,通过,NA
4684,通过,NA
4685,通过,NA
4686,通过,NA
4687,通过,NA
4688,通过,NA
4689,通过,NA
4690,通过,NA
4691,通过,NA
4692,嫌疑,500
4693,通过,NA
4694,拒绝,200
4695,通过,NA
4696,嫌疑,500
4697,通过,NA
4698,通过,NA
4699,嫌疑,500
4700,通过,NA
4701,嫌疑,400
4702,通过,NA
4703,通过,NA
4704,通过,NA
4705,通过,NA
4706,通过,NA
4707,通过,NA
4708,通过,NA
4709,嫌疑,500
4710,通过,NA
4711,拒绝,200
4712,嫌疑,500
4713,拒绝,100
4714,通过,NA
4715,通过,NA
4716,嫌疑,400
4717,嫌疑,200
4718,通过,NA
4719,通过,NA
4720,通过,NA
4721,通过,NA
4722,通过,NA
4723,通过,NA
4724,通过,NA
4725,通过,NA
4726,通过,NA
4727,通过,NA
4728,通过,NA
4729,嫌疑,500
4730,通过,NA
4731,嫌疑,500
4732,通过,NA
4733,通过,NA
4734,通过,NA
4735,嫌疑,500
4736,嫌疑,500
4737,通过,NA
4738,通过,NA
4739,嫌疑,500
4740,通过,NA
4741,通过,NA
4742,拒绝,500
4743,通过,NA
4744,通过,NA
4745,通过,NA
4746,通过,NA
4747,通过,NA
4748,通过,NA
4749,通过,NA
4750,通过,NA
4751,通过,NA
4752,通过,NA
4753,通过,NA
4754,通过,NA
4755,通过,NA
4756,通过,NA
4757,通过,NA
4758,拒绝,500
4759,通过,NA
4760,通过,NA
4761,嫌疑,500
4762,通过,NA
4763,通过,NA
4764,通过,NA
4765,通过,NA
4766,通过,NA
4767,通过,NA
4768,通过,NA
4769,通过,NA
4770,嫌疑,500
4771,嫌疑,500
4772,通过,NA
4773,通过,NA
4774,通过,NA
4775,通过,NA
4776,嫌疑,500
4777,嫌疑,500
4778,通过,NA
4779,通过,NA
4780,通过,NA
4781,通过,NA
4782,通过,NA
4783,通过,NA
4784,通过,NA
4785,通过,NA
4786,通过,NA
4787,通过,NA
4788,嫌疑,500
4789,通过,NA
4790,嫌疑,500
4791,通过,NA
4792,拒绝,400
4793,嫌疑,500
4794,通过,NA
4795,通过,NA
4796,通过,NA
4797,通过,NA
4798,通过,NA
4799,通过,NA
4800,通过,NA
4801,通过,NA
4802,通过,NA
4803,嫌疑,500
4804,通过,NA
4805,拒绝,100
4806,通过,NA
4807,通过,NA
4808,通过,NA
4809,通过,NA
4810,通过,NA
4811,嫌疑,500
4812,通过,NA
4813,嫌疑,400
4814,嫌疑,100
4815,通过,NA
4816,通过,NA
4817,通过,NA
4818,通过,NA
4819,通过,NA
4820,通过,NA
4821,通过,NA
4822,通过,NA
4823,通过,NA
4824,通过,NA
4825,通过,NA
4826,通过,NA
4827,通过,NA
4828,通过,NA
4829,通过,NA
4830,通过,NA
4831,通过,NA
4832,通过,NA
4833,通过,NA
4834,通过,NA
4835,通过,NA
4836,通过,NA
4837,通过,NA
4838,通过,NA
4839,通过,NA
4840,通过,NA
4841,嫌疑,500
4842,通过,NA
4843,通过,NA
4844,嫌疑,500
4845,通过,NA
4846,嫌疑,400
4847,拒绝,500
4848,通过,NA
4849,通过,NA
4850,通过,NA
4851,通过,NA
4852,通过,NA
4853,通过,NA
4854,通过,NA
4855,通过,NA
4856,通过,NA
4857,通过,NA
4858,通过,NA
4859,通过,NA
4860,通过,NA
4861,通过,NA
4862,通过,NA
4863,通过,NA
4864,通过,NA
4865,通过,NA
4866,通过,NA
4867,通过,NA
4868,通过,NA
4869,通过,NA
4870,嫌疑,500
4871,嫌疑,500
4872,通过,NA
4873,嫌疑,200
4874,通过,NA
4875,通过,NA
4876,通过,NA
4877,通过,NA
4878,通过,NA
4879,拒绝,200
4880,通过,NA
4881,嫌疑,500
4882,嫌疑,500
4883,通过,NA
4884,嫌疑,500
4885,通过,NA
4886,通过,NA
4887,通过,NA
4888,通过,NA
4889,嫌疑,400
4890,通过,NA
4891,嫌疑,500
4892,通过,NA
4893,通过,NA
4894,通过,NA
4895,通过,NA
4896,嫌疑,500
4897,通过,NA
4898,通过,NA
4899,通过,NA
4900,通过,NA
4901,通过,NA
4902,通过,NA
4903,通过,NA
4904,通过,NA
4905,通过,NA
4906,嫌疑,500
4907,通过,NA
4908,通过,NA
4909,通过,NA
4910,拒绝,500
4911,通过,NA
4912,通过,NA
4913,通过,NA
4914,通过,NA
4915,通过,NA
4916,通过,NA
4917,通过,NA
4918,通过,NA
4919,通过,NA
4920,通过,NA
4921,嫌疑,100
4922,通过,NA
4923,通过,NA
4924,通过,NA
4925,通过,NA
4926,通过,NA
4927,通过,NA
4928,嫌疑,500
4929,通过,NA
4930,通过,NA
4931,通过,NA
4932,通过,NA
4933,通过,NA
4934,通过,NA
4935,拒绝,500
4936,拒绝,200
4937,嫌疑,500
4938,通过,NA
4939,通过,NA
4940,通过,NA
4941,通过,NA
4942,通过,NA
4943,通过,NA
4944,通过,NA
4945,嫌疑,500
4946,通过,NA
4947,嫌疑,500
4948,通过,NA
4949,通过,NA
4950,嫌疑,500
4951,通过,NA
4952,嫌疑,200
4953,通过,NA
4954,通过,NA
4955,通过,NA
4956,嫌疑,200
4957,通过,NA
4958,嫌疑,500
4959,通过,NA
4960,通过,NA
4961,通过,NA
4962,通过,NA
4963,通过,NA
4964,通过,NA
4965,通过,NA
4966,通过,NA
4967,嫌疑,500
4968,通过,NA
4969,通过,NA
4970,嫌疑,500
4971,通过,NA
4972,通过,NA
4973,通过,NA
4974,通过,NA
4975,通过,NA
4976,通过,NA
4977,通过,NA
4978,通过,NA
4979,通过,NA
4980,嫌疑,500
4981,通过,NA
4982,通过,NA
4983,通过,NA
4984,通过,NA
4985,嫌疑,500
4986,嫌疑,500
4987,通过,NA
4988,通过,NA
4989,通过,NA
4990,通过,NA
4991,通过,NA
4992,嫌疑,500
4993,通过,NA
4994,嫌疑,500
4995,通过,NA
4996,通过,NA
4997,通过,NA
4998,嫌疑,500
4999,通过,NA
